Price,Close,Close,Close,Close,Close,Close,Close,Close,Close,Close,Close,Close,Close,Close,High,High,High,High,High,High,High,High,High,High,High,High,High,High,Low,Low,Low,Low,Low,Low,Low,Low,Low,Low,Low,Low,Low,Low,Open,Open,Open,Open,Open,Open,Open,Open,Open,Open,Open,Open,Open,Open,Volume,Volume,Volume,Volume,Volume,Volume,Volume,Volume,Volume,Volume,Volume,Volume,Volume,Volume
Ticker,CL=F,DX-Y.NYB,EEM,GC=F,IEF,MCHI,SPY,UUP,^GSPC,^MOVE,^N225,^STOXX50E,^TNX,^VIX,CL=F,DX-Y.NYB,EEM,GC=F,IEF,MCHI,SPY,UUP,^GSPC,^MOVE,^N225,^STOXX50E,^TNX,^VIX,CL=F,DX-Y.NYB,EEM,GC=F,IEF,MCHI,SPY,UUP,^GSPC,^MOVE,^N225,^STOXX50E,^TNX,^VIX,CL=F,DX-Y.NYB,EEM,GC=F,IEF,MCHI,SPY,UUP,^GSPC,^MOVE,^N225,^STOXX50E,^TNX,^VIX,CL=F,DX-Y.NYB,EEM,GC=F,IEF,MCHI,SPY,UUP,^GSPC,^MOVE,^N225,^STOXX50E,^TNX,^VIX
Date,,,,,,,,,,,,,,,,,,,,,,,,,,,,,,,,,,,,,,,,,,,,,,,,,,,,,,,,,,,,,,,,,,,,,,
2025-04-24,62.790000915527344,99.29000091552734,42.284305572509766,3348.60009765625,89.76770782470703,50.50528335571289,537.769775390625,26.417766571044922,5484.77001953125,108.27999877929688,35039.1484375,5114.97998046875,4.304999828338623,26.469999313354492,63.310001373291016,99.83999633789062,42.33287769241276,3377.0,89.79609919738327,50.641337015088304,538.4976913582739,26.47578457629232,5489.39990234375,116.5999984741211,35287.94921875,5116.330078125,4.3480000495910645,29.65999984741211,61.9900016784668,99.22000122070312,41.86661053896493,3301.300048828125,89.55003582046034,50.00965507406341,526.7131857388315,26.38875849060079,5371.9599609375,108.27999877929688,34960.6484375,5043.4501953125,4.302999973297119,26.360000610351562,62.34000015258789,99.75,41.91518265886792,3301.800048828125,89.64467613624556,50.155428970356596,527.9624225863133,26.417766571044922,5381.3798828125,116.5999984741211,35194.7109375,5080.58984375,4.343999862670898,28.690000534057617,264908.0,0.0,28843500.0,239603.0,7308900.0,1223200.0,64150400.0,757100.0,4697710000.0,0.0,137100000.0,26216600.0,0.0,0.0
2025-04-25,63.02000045776367,99.47000122070312,42.20659255981445,3298.39990234375,90.10841369628906,50.44697189331055,541.6553344726562,26.485454559326172,5525.2099609375,105.79000091552734,35705.73828125,5154.1201171875,4.265999794006348,24.84000015258789,63.40999984741211,99.88999938964844,42.20659255981445,3384.10009765625,90.1746626356913,50.495561955227224,542.0586181694788,26.543474408950445,5528.10986328125,108.27999877929688,35835.28125,5167.18017578125,4.293000221252441,27.200000762939453,61.79999923706055,99.4000015258789,41.905462492478826,3274.800048828125,89.89074170422148,50.194301347033374,534.8187241892716,26.446776503935787,5455.85986328125,105.79000091552734,35337.98046875,5121.35009765625,4.250999927520752,24.84000015258789,62.86000061035156,99.41000366210938,41.983174911997224,3362.0,90.01377338579913,50.233171172256256,537.7304480905381,26.51446448413831,5489.72998046875,108.27999877929688,35387.671875,5121.35009765625,4.2820000648498535,26.219999313354492,283758.0,0.0,18363700.0,241249.0,5341300.0,1997100.0,61119600.0,680600.0,4236580000.0,0.0,134700000.0,20857500.0,0.0,0.0
2025-04-28,62.04999923706055,99.01000213623047,42.284305572509766,3347.699951171875,90.46805572509766,50.3886604309082,541.86181640625,26.321069717407227,5528.75,110.01000213623047,35839.98828125,5170.490234375,4.216000080108643,25.149999618530273,63.91999816894531,99.83999633789062,42.342589893073864,3363.800048828125,90.49645431864931,50.57330785198463,544.5177728075638,26.485455609140228,5553.66015625,110.01000213623047,36075.26171875,5199.2998046875,4.295000076293945,26.93000030517578,61.47999954223633,98.9000015258789,42.080316008834146,3278.0,89.97592174576882,50.15542665622136,536.1269871108482,26.311399742086554,5468.64013671875,105.79000091552734,35773.48828125,5163.22998046875,4.214000225067139,24.700000762939453,63.4900016784668,99.61000061035156,42.26487746565506,3336.5,90.00431311872714,50.34007037011378,542.393043710064,26.475785633819555,5529.22021484375,105.79000091552734,35962.80078125,5163.22998046875,4.28000020980835,25.75,276116.0,0.0,11002200.0,217995.0,4950500.0,1849600.0,47613800.0,520300.0,4257880000.0,0.0,132400000.0,18888700.0,0.0,0.0
2025-04-29,60.41999816894531,99.23999786376953,42.40087127685547,3333.60009765625,90.78036499023438,50.22345733642578,545.2752685546875,26.408098220825195,5560.830078125,112.2699966430664,,5161.89990234375,4.172999858856201,24.170000076293945,62.06999969482422,99.37000274658203,42.507720298856974,3359.300048828125,90.78983118701312,50.369231237178326,546.3868353532918,26.417768196354547,5571.9501953125,112.2699966430664,,5191.68017578125,4.244999885559082,25.989999771118164,60.119998931884766,98.94999694824219,42.31344665483079,3309.199951171875,90.41126274238096,50.14571026744195,539.5993973829874,26.340410236478984,5505.7001953125,110.01000213623047,,5138.7099609375,4.164000034332275,23.760000228881836,61.869998931884766,99.04000091552734,42.342586960328276,3354.89990234375,90.4207289391597,50.252610633702574,539.9535089190233,26.350080212008336,5508.8701171875,110.01000213623047,,5176.02978515625,4.2270002365112305,24.760000228881836,312373.0,0.0,12809100.0,170152.0,5350200.0,1506700.0,47775100.0,852100.0,4747150000.0,0.0,,23777600.0,0.0,0.0
2025-04-30,58.209999084472656,99.47000122070312,42.50772476196289,3319.10009765625,90.92233276367188,50.204017639160156,545.49169921875,26.50479507446289,5569.06005859375,112.4800033569336,36045.37890625,5160.22021484375,4.177000045776367,24.700000762939453,60.43000030517578,99.70999908447266,42.57572499115043,3337.60009765625,91.00751409696579,50.32063452864559,547.4394329210733,26.5144650496065,5581.83984375,112.4800033569336,36056.51953125,5185.2998046875,4.229000091552734,28.170000076293945,57.90999984741211,99.13999938964844,42.1677421436883,3275.60009765625,90.66680320497572,49.86388350016761,532.6841838633078,26.427437117673197,5433.240234375,112.2699966430664,35793.328125,5105.7998046875,4.135000228881836,24.229999542236328,60.15999984741211,99.16999816894531,42.342591406095984,3324.5,90.76144351484123,50.2817647036065,538.6354556420874,26.46611701824763,5499.43994140625,112.2699966430664,35946.87890625,5162.9501953125,4.138999938964844,24.350000381469727,419549.0,0.0,20928800.0,207722.0,13923200.0,1403800.0,93101500.0,829300.0,5449490000.0,0.0,167100000.0,34443300.0,0.0,0.0
2025-05-01,59.2400016784668,100.25,42.498008728027344,3222.199951171875,90.5263900756836,50.135990142822266,549.3575439453125,26.65951156616211,5604.14013671875,107.33000183105469,36452.30078125,,4.230999946594238,24.600000381469727,59.5,100.37999725341797,42.701998280594125,3300.60009765625,91.05812124874308,50.37894415520129,554.8662060499098,26.717529573922725,5658.91015625,112.4800033569336,36544.1484375,,4.241000175476074,25.18000030517578,56.38999938964844,99.61000061035156,42.45915251643397,3209.39990234375,90.34598788221619,50.02908978422605,548.7575115851928,26.57248363234158,5597.35009765625,107.33000183105469,36040.05078125,,4.124000072479248,23.299999237060547,58.15999984741211,99.6500015258789,42.67285797466524,3299.0,91.03912696888638,50.29148056245748,551.2265660956555,26.582153607694885,5625.14013671875,112.4800033569336,36197.0390625,,4.150000095367432,23.940000534057617,364216.0,0.0,14740500.0,214691.0,13703300.0,1070600.0,63186100.0,1921400.0,4935270000.0,0.0,131600000.0,,0.0,0.0
2025-05-02,58.290000915527344,100.0,43.71223831176758,3243.300048828125,89.91871643066406,51.91441345214844,557.5123291015625,26.620832443237305,5686.669921875,101.4000015258789,36830.69140625,5285.18994140625,4.322000026702881,22.68000030517578,59.869998931884766,100.33000183105469,43.87737165562317,3277.0,90.19407557457394,52.031034051455656,559.1058911654948,26.640170548810424,5700.7001953125,107.33000183105469,36976.51171875,5285.18994140625,4.331999778747559,24.31999969482422,57.7400016784668,99.4000015258789,43.5568171682137,3229.5,89.76679839096676,51.50625247612565,553.2037916578166,26.45644655753139,5642.27978515625,101.4000015258789,36606.578125,5201.10009765625,4.224999904632568,22.34000015258789,58.9900016784668,100.18000030517578,43.857947255019745,3247.60009765625,90.06114457326521,51.88526015591371,555.5154232826195,26.533804512901284,5645.8798828125,107.33000183105469,36636.55078125,5201.10009765625,4.224999904632568,23.6299991607666,322096.0,0.0,33945900.0,210994.0,9331600.0,2455000.0,60717300.0,1285500.0,4854380000.0,0.0,141000000.0,27269500.0,0.0,0.0
2025-05-05,57.130001068115234,99.83000183105469,44.04250717163086,3322.300048828125,89.75727844238281,51.894981384277344,554.3153686523438,26.57248306274414,5650.3798828125,104.44999694824219,,5283.0498046875,4.3429999351501465,23.639999389648438,57.70000076293945,100.05000305175781,44.22706861519656,3346.699951171875,89.89970654879302,52.0796251092653,557.4041485271615,26.611162963328233,5683.3798828125,104.44999694824219,,5289.35009765625,4.370999813079834,24.6299991607666,55.29999923706055,99.45999908447266,44.04250717163086,3243.10009765625,89.56737912996546,51.68118065531343,552.5349043366007,26.48545513078911,5634.47998046875,101.4000015258789,,5262.27978515625,4.297999858856201,22.809999465942383,56.7599983215332,100.0,44.159072098854864,3247.10009765625,89.89020940991384,51.70061742223599,553.3907039776933,26.48545513078911,5655.31982421875,101.4000015258789,,5270.33984375,4.301000118255615,24.25,308387.0,0.0,22661100.0,184904.0,10089400.0,1190100.0,38659200.0,617700.0,4358260000.0,0.0,,17228000.0,0.0,0.0
2025-05-06,59.09000015258789,99.23999786376953,43.86766052246094,3422.800048828125,89.98516845703125,52.42947769165039,549.68212890625,26.408098220825195,5606.91015625,106.18000030517578,,5263.3798828125,4.308000087738037,24.760000228881836,59.84000015258789,100.0999984741211,44.04250977640404,3444.5,90.00416273677189,52.65299494277623,554.157875203981,26.49512615623011,5649.580078125,106.18000030517578,,5292.93994140625,4.36299991607666,25.110000610351562,57.029998779296875,99.16999816894531,43.692811268517836,3332.10009765625,89.63385396797632,52.20596044052455,547.872185543118,26.408098220825195,5586.0400390625,104.44999694824219,,5210.58984375,4.306000232696533,23.899999618530273,57.25,99.83000183105469,43.71223937512623,3345.699951171875,89.71930649422367,52.24483026584514,548.8263293740373,26.466118074001304,5605.8701171875,104.44999694824219,,5283.990234375,4.336999893188477,23.969999313354492,343893.0,0.0,17418700.0,268098.0,6081200.0,2230500.0,48264700.0,650000.0,4717260000.0,0.0,,22549600.0,0.0,0.0
2025-05-07,58.06999969482422,99.61000061035156,43.36254119873047,3391.89990234375,90.22252655029297,51.20499038696289,551.9938354492188,26.60149383544922,5631.27978515625,99.87000274658203,36779.66015625,5230.18994140625,4.275000095367432,23.549999237060547,60.2599983215332,99.97000122070312,43.54710636015492,3448.199951171875,90.33647047127916,51.51597125096692,554.6202527049248,26.611163810903232,5654.72998046875,106.18000030517578,36942.37890625,5264.02001953125,4.328000068664551,25.6200008392334,57.810001373291016,99.29000091552734,43.24597626372145,3367.0,90.06111142870773,51.17583708945761,546.9671688153295,26.456447892357453,5578.64013671875,99.87000274658203,36731.390625,5223.66015625,4.260000228881836,23.290000915527344,58.97999954223633,99.5,43.53739045401022,3448.10009765625,90.08010570430223,51.47710142335466,551.0101522781708,26.485455974360267,5614.18017578125,106.18000030517578,36903.66015625,5261.33984375,4.320000171661377,24.559999465942383,295238.0,0.0,23390500.0,304244.0,9471100.0,6795000.0,55588000.0,812100.0,4987440000.0,0.0,156300000.0,21218400.0,0.0,0.0
2025-05-08,59.90999984741211,100.63999938964844,43.33340072631836,3306.0,89.51991271972656,51.94356918334961,555.8400268554688,26.823896408081055,5663.93994140625,98.66000366210938,36928.62890625,5288.93994140625,4.373000144958496,22.479999542236328,60.290000915527344,100.76000213623047,43.585958702131386,3422.0,90.1845748909697,52.16708643243775,561.0043636579312,26.852906333005,5720.10009765625,99.87000274658203,36977.3515625,5304.77978515625,4.383999824523926,23.610000610351562,57.7400016784668,99.61000061035156,43.28483231237729,3293.300048828125,89.50092568360894,51.574278042289855,552.5348657113146,26.601492516741562,5635.3798828125,98.66000366210938,36606.7109375,5240.22998046875,4.2829999923706055,21.8799991607666,57.93000030517578,99.8499984741211,43.50824998093217,3373.10009765625,90.16558061065669,51.92413241727446,556.0170826268422,26.61116249171621,5663.60009765625,99.87000274658203,36863.37890625,5240.22998046875,4.300000190734863,22.84000015258789,281000.0,0.0,17573700.0,327126.0,6409000.0,2105500.0,65130800.0,869400.0,5627400000.0,0.0,137300000.0,24510100.0,0.0,0.0
2025-05-09,61.02000045776367,100.33999633789062,43.62481689453125,3344.0,89.58637237548828,51.749202728271484,555.1317749023438,26.746540069580078,5659.91015625,100.4000015258789,37503.328125,5309.740234375,4.375,21.899999618530273,61.45000076293945,100.86000061035156,43.86766268078571,3352.699951171875,89.83324729410478,52.20595744099826,558.2401872369107,26.765880020698553,5691.68994140625,100.4000015258789,37557.41015625,5323.60986328125,4.3979997634887695,22.81999969482422,59.88999938964844,100.08999633789062,43.54710816980678,3278.89990234375,89.55788820107001,51.72004943416003,553.577538715433,26.678852085024666,5644.14990234375,98.66000366210938,37219.03125,5286.0400390625,4.3429999351501465,21.829999923706055,60.25,100.63999938964844,43.8093783580929,3310.199951171875,89.68132203828081,52.16708391072707,557.2368112120467,26.73687009402084,5679.64990234375,98.66000366210938,37332.5703125,5286.0400390625,4.392000198364258,22.399999618530273,239640.0,0.0,16091100.0,232464.0,3698700.0,1084300.0,37603400.0,1307000.0,4645090000.0,0.0,201400000.0,23175200.0,0.0,0.0
2025-05-12,61.95000076293945,101.79000091552734,44.56705856323242,3228.0,89.01665496826172,53.50819396972656,573.4774169921875,27.123659133911133,5844.18994140625,102.9000015258789,37644.26171875,5392.35986328125,4.456999778747559,18.389999389648438,63.61000061035156,101.9800033569336,44.703051607086444,3295.5,89.22554854432494,53.6928376878224,573.4872634297448,27.181678985639394,5845.3701171875,102.9000015258789,37726.44140625,5421.60986328125,4.468999862670898,20.440000534057617,61.02000045776367,100.51000213623047,44.4019215060293,3211.199951171875,88.99766793598049,53.187492888251384,567.6244903747194,27.0269630697491,5786.080078125,100.4000015258789,37417.390625,5319.27978515625,4.428999900817871,18.139999389648438,61.38999938964844,100.69000244140625,44.703051607086444,3281.0,88.99766793598049,53.60537409352772,571.9821994255728,27.055971151254028,5807.2001953125,100.4000015258789,37697.28125,5319.27978515625,4.460999965667725,19.84000015258789,325865.0,0.0,26843500.0,308534.0,9483700.0,3050500.0,78993600.0,1948500.0,6014580000.0,0.0,142900000.0,37021900.0,0.0,0.0
2025-05-13,63.66999816894531,101.0,44.6447639465332,3247.800048828125,88.9502182006836,53.15834045410156,577.2646484375,26.891584396362305,5886.5498046875,100.12999725341797,38183.26171875,5416.2099609375,4.499000072479248,18.219999313354492,63.900001525878906,101.76000213623047,44.80990099138422,3270.39990234375,89.17809888258425,53.53734813312649,579.4680890959,27.03663033230592,5906.64013671875,102.9000015258789,38494.05859375,5416.7001953125,4.505000114440918,18.850000381469727,61.650001525878906,100.91000366210938,44.236784845487605,3220.10009765625,88.80779005792208,52.798769541588705,573.3299158219985,26.891584396362305,5845.02001953125,100.12999725341797,38124.19921875,5384.68017578125,4.428999900817871,17.649999618530273,62.0,101.7300033569336,44.265925151124506,3240.699951171875,89.13062766446126,52.915386433476954,573.890562385163,27.01729222671014,5854.14990234375,102.9000015258789,38149.53125,5390.6201171875,4.453000068664551,18.690000534057617,258795.0,0.0,23970300.0,214423.0,13166800.0,3537900.0,67947200.0,736900.0,5516290000.0,0.0,177400000.0,23746200.0,0.0,0.0
2025-05-14,63.150001525878906,101.04000091552734,44.9847526550293,3188.300048828125,88.61788177490234,54.03297424316406,578.0023803710938,26.949604034423828,5892.580078125,100.7300033569336,38128.12890625,5403.43994140625,4.5279998779296875,18.6200008392334,63.68000030517578,101.13999938964844,45.13045789658039,3261.300048828125,88.97869342193454,54.26621174076847,579.3696542531599,26.949604034423828,5906.5498046875,100.7300033569336,38325.87890625,5421.2001953125,4.53000020980835,18.81999969482422,62.75,100.2699966430664,44.92646833508939,3170.699951171875,88.56090617701634,53.82889374975037,575.9857819804191,26.794886280359577,5872.10986328125,100.12999725341797,37851.80078125,5374.81005859375,4.4770002365112305,18.059999465942383,63.619998931884766,100.94999694824219,45.08188948273002,3254.10009765625,88.91222792789715,54.16903161262412,578.2187618347115,26.814226230162497,5896.740234375,100.12999725341797,38199.03125,5412.8798828125,4.4770002365112305,18.100000381469727,225626.0,0.0,22561700.0,233929.0,6994700.0,2304100.0,66283500.0,1026600.0,5233450000.0,0.0,152100000.0,27932200.0,0.0,0.0
2025-05-15,61.619998931884766,100.87999725341797,44.96532440185547,3226.60009765625,89.19707489013672,53.03200149536133,580.8256225585938,26.881916046142578,5916.93017578125,98.6500015258789,37755.51171875,5412.080078125,4.454999923706055,17.829999923706055,62.90999984741211,101.05999755859375,44.96532440185547,3244.300048828125,89.24454609853362,53.23608197591949,581.3272505737436,26.92059594839025,5924.2099609375,100.7300033569336,37876.83984375,5412.080078125,4.541999816894531,19.3799991607666,60.470001220703125,100.58999633789062,44.72247862786256,3123.300048828125,88.87423734974178,52.740457422109095,575.553034807254,26.83356801269224,5865.16015625,98.6500015258789,37633.359375,5363.52001953125,4.440999984741211,17.770000457763672,62.880001068115234,100.97000122070312,44.90704008210549,3180.800048828125,88.98818128944495,53.17777538557946,576.0055507079343,26.862577939377992,5869.81982421875,100.7300033569336,37832.359375,5392.31982421875,4.513000011444092,19.190000534057617,258404.0,0.0,21682500.0,253064.0,9024900.0,1759900.0,71268100.0,850400.0,4991290000.0,0.0,134800000.0,25694700.0,0.0,0.0
2025-05-16,62.4900016784668,101.08999633789062,44.936180114746094,3187.199951171875,89.2255630493164,52.88623046875,584.5045166015625,26.959272384643555,5958.3798828125,96.69999694824219,37753.71875,5427.52978515625,4.440999984741211,17.239999771118164,62.709999084472656,101.26000213623047,44.97503632767541,3255.800048828125,89.5673876394989,53.06115766360985,584.799609527031,26.997952284564583,5958.6201171875,98.6500015258789,37786.4296875,5450.9501953125,4.445000171661377,17.959999084472656,61.25,100.5199966430664,44.741906461164334,3156.39990234375,89.21606590953492,52.81820363821386,579.6648125061226,26.852906348579012,5907.35986328125,96.69999694824219,37479.2109375,5407.52978515625,4.388000011444092,17.149999618530273,61.70000076293945,100.7699966430664,44.88761170135065,3243.5,89.54839335993593,52.973694066179924,581.6026394160758,26.8915844041409,5929.08984375,98.6500015258789,37748.578125,5422.419921875,4.395999908447266,17.959999084472656,121556.0,0.0,23296900.0,245486.0,6819200.0,1490100.0,76052100.0,807800.0,4850850000.0,0.0,128100000.0,26843900.0,0.0,0.0
2025-05-19,62.689998626708984,100.43000030517578,45.03331756591797,3233.5,89.17809295654297,53.15834045410156,585.1439208984375,26.775548934936523,5963.60009765625,103.80999755859375,37498.62890625,5427.22998046875,4.474999904632568,18.139999389648438,63.400001525878906,100.91000366210938,45.04302976571959,3252.89990234375,89.19708723788698,53.177777220613635,585.8226647003453,26.80455701610517,5968.60986328125,103.80999755859375,37656.23046875,5427.22998046875,4.561999797821045,19.920000076293945,61.56999969482422,100.05999755859375,44.625334769138874,3209.10009765625,88.67485316386356,52.62384235016425,578.5040593733968,26.72719905905681,5895.68994140625,96.69999694824219,37445.9296875,5382.330078125,4.4710001945495605,17.920000076293945,62.75,100.91000366210938,44.625334769138874,3220.0,88.71283448235579,52.73073900520439,578.5040593733968,26.736869034232754,5902.8798828125,96.69999694824219,37572.359375,5409.0400390625,4.548999786376953,19.84000015258789,95570.0,0.0,16823000.0,185135.0,11704900.0,1736400.0,68168500.0,894200.0,4144010000.0,0.0,107600000.0,20997600.0,0.0,0.0
2025-05-20,62.560001373291016,100.12000274658203,44.9847526550293,3284.60009765625,89.06413269042969,53.644248962402344,583.1765747070312,26.698190689086914,5940.4599609375,101.37000274658203,37529.48828125,5454.64990234375,4.480999946594238,18.09000015258789,63.16999816894531,100.58000183105469,44.994464855586386,3298.5,89.13059816916399,53.644248962402344,584.3570065824167,26.79488675108199,5953.06005859375,103.80999755859375,37921.80859375,5467.27978515625,4.5229997634887695,18.68000030517578,62.189998626708984,100.01000213623047,44.80990340074203,3207.39990234375,88.80776066945892,53.38185817298117,579.9796042324612,26.678850738944234,5909.259765625,101.37000274658203,37455.69921875,5423.1201171875,4.4730000495910645,17.700000762939453,62.68000030517578,100.43000030517578,44.848755908502845,3233.0,88.9406916269275,53.45960153252216,583.4127091135157,26.79488675108199,5944.66015625,103.80999755859375,37723.6015625,5430.85986328125,4.474999904632568,18.459999084472656,250414.0,0.0,20233700.0,224088.0,8929600.0,2662700.0,60614500.0,430300.0,4416850000.0,0.0,125800000.0,24317400.0,0.0,0.0
2025-05-21,61.56999969482422,99.55999755859375,44.86818313598633,3313.5,88.44696044921875,53.44017028808594,573.3495483398438,26.5821533203125,5844.60986328125,102.0999984741211,37298.98046875,5454.4599609375,4.5960001945495605,20.8700008392334,64.19000244140625,99.98999786376953,45.266450050607446,3327.199951171875,88.83625623339317,54.09128531169511,582.910979810613,26.591823295561262,5938.3701171875,102.0999984741211,37659.94140625,5461.06005859375,4.604000091552734,21.049999237060547,61.279998779296875,99.33999633789062,44.80018661682168,3287.0,88.33301650926305,53.33326992130012,572.3265394745135,26.495125387432836,5830.91015625,101.37000274658203,37298.98046875,5415.89013671875,4.5229997634887695,17.770000457763672,62.27000045776367,99.98999786376953,45.15960102444326,3293.0,88.71282239825393,53.896921345464925,578.8385171464103,26.572483345063738,5910.18017578125,101.37000274658203,37590.1484375,5452.27001953125,4.543000221252441,18.770000457763672,302702.0,0.0,25570400.0,229503.0,11383500.0,2317100.0,95197700.0,859200.0,5254250000.0,0.0,121300000.0,21848800.0,0.0,0.0
2025-05-22,61.20000076293945,99.95999908447266,44.722476959228516,3295.0,88.779296875,53.20692825317383,573.5758666992188,26.65951156616211,5842.009765625,99.47000122070312,36985.87109375,5424.47998046875,4.552999973297119,20.280000686645508,61.75,100.12000274658203,44.82932968868382,3346.800048828125,88.81727819216442,53.33326537653535,577.0482371941405,26.717529573922725,5878.080078125,102.0999984741211,37100.44921875,5448.31982421875,4.629000186920166,22.06999969482422,60.25,99.44000244140625,44.58648392375169,3277.800048828125,88.36150963038683,53.08059112981231,571.9232260794693,26.620833509108103,5825.81982421875,99.47000122070312,36855.828125,5385.16015625,4.540999889373779,19.639999389648438,61.33000183105469,99.63999938964844,44.65448044149011,3318.0,88.47545358188012,53.14861795611836,573.1528300863163,26.630503484461407,5841.259765625,102.0999984741211,36931.890625,5448.31982421875,4.61299991607666,20.6200008392334,258549.0,0.0,16773000.0,234658.0,10981200.0,1741700.0,70860400.0,656700.0,5157050000.0,0.0,110900000.0,22219000.0,0.0,0.0
2025-05-23,61.529998779296875,99.11000061035156,44.907039642333984,3365.800048828125,89.03565216064453,53.236083984375,569.66064453125,26.46611785888672,5802.81982421875,100.91000366210938,37160.46875,5326.31005859375,4.508999824523926,22.290000915527344,61.880001068115234,99.94000244140625,44.98475206790626,3366.5,89.1780802736854,53.32354758036884,572.3166006242293,26.5628139246758,5829.509765625,100.91000366210938,37373.91015625,5441.8701171875,4.5269999504089355,25.530000686645508,60.02000045776367,99.05000305175781,44.55734113832357,3285.5,88.91221832624632,52.86679654100915,566.2079076143013,26.437107932534456,5767.41015625,99.47000122070312,37111.62890625,5252.93994140625,4.465000152587891,19.829999923706055,60.810001373291016,99.87999725341797,44.59619735110971,3295.10009765625,89.16859037855882,52.94453990012359,566.5817119553482,26.533805842682767,5781.89013671875,99.47000122070312,37161.73828125,5426.68994140625,4.4730000495910645,20.139999389648438,273392.0,0.0,22018900.0,247200.0,9860700.0,1685300.0,76029000.0,1261300.0,4662820000.0,0.0,105300000.0,36690500.0,0.0,0.0
2025-05-26,,98.93000030517578,,,,,,,,,37531.53125,5395.330078125,,,,99.16000366210938,,,,,,,,,37531.53125,5412.56982421875,,,,98.69000244140625,,,,,,,,,37167.01171875,5364.830078125,,,,99.08999633789062,,,,,,,,,37209.26171875,5364.830078125,,,,0.0,,,,,,,,,89900000.0,16292800.0,,
2025-05-27,60.88999938964844,99.5199966430664,44.80018615722656,3300.39990234375,89.40597534179688,52.51694107055664,581.5042724609375,26.611164093017578,5921.5400390625,97.93000030517578,37724.109375,5415.4501953125,4.434000015258789,18.959999084472656,62.13999938964844,99.62000274658203,44.8584704754265,3356.0,89.50092501006124,52.54609436622341,581.6616353353045,26.611164093017578,5924.330078125,100.91000366210938,37769.05078125,5436.27978515625,4.486999988555908,21.010000228881836,60.2599983215332,98.77999877929688,44.65448092002523,3283.0,89.13061623289352,52.31286058652111,568.9917925553825,26.49512623069847,5854.06982421875,97.93000030517578,37411.6796875,5388.47021484375,4.432000160217285,18.950000762939453,61.70000076293945,98.95999908447266,44.75161774482612,3355.60009765625,89.23506304124291,52.43919400586648,576.5071456404713,26.49512623069847,5854.06982421875,100.91000366210938,37523.37109375,5391.1298828125,4.468999862670898,20.6299991607666,291317.0,0.0,26278900.0,297309.0,10834400.0,2513300.0,72588500.0,1060500.0,5366380000.0,0.0,86200000.0,19363300.0,0.0,0.0
2025-05-28,61.84000015258789,99.87999725341797,44.596195220947266,3294.89990234375,89.15908813476562,51.82695388793945,578.1401977539062,26.698190689086914,5888.5498046875,93.19999694824219,37722.3984375,5378.39013671875,4.4770002365112305,19.309999465942383,62.540000915527344,99.95999908447266,44.70304794823905,3324.5,89.2920191008747,52.10877773673604,583.0980002773664,26.698190689086914,5939.919921875,97.93000030517578,38178.73046875,5427.97021484375,4.500999927520752,19.43000030517578,60.849998474121094,99.44000244140625,44.55733901001712,3273.5,89.05464134079502,51.78808035459365,577.4122816790851,26.620832732875357,5881.8798828125,93.19999694824219,37709.7109375,5377.64013671875,4.438000202178955,18.68000030517578,61.040000915527344,99.52999877929688,44.68361984277398,3300.89990234375,89.22555361782017,52.10877773673604,581.90772180629,26.669180763872895,5925.5400390625,97.93000030517578,38094.7890625,5413.2099609375,4.443999767303467,19.209999084472656,260374.0,0.0,26970500.0,127758.0,8591500.0,2340300.0,68445500.0,801300.0,4665050000.0,0.0,122600000.0,22227900.0,0.0,0.0
2025-05-29,60.939998626708984,99.27999877929688,44.76133346557617,3317.10009765625,89.5294189453125,52.342018127441406,580.4222412109375,26.553142547607422,5912.169921875,92.66999816894531,38432.98046875,,4.423999786376953,19.18000030517578,63.06999969482422,100.54000091552734,45.01389143233378,3328.800048828125,89.61487148280662,52.71130930030322,583.5208672055215,26.591822447368706,5943.1298828125,93.19999694824219,38454.0703125,,4.499000072479248,20.200000762939453,60.54999923706055,99.22000122070312,44.61562452344488,3242.39990234375,89.34900948500788,52.21568099066524,576.5072014152614,26.51446449220527,5873.7998046875,92.66999816894531,38035.3203125,,4.415999889373779,18.110000610351562,61.83000183105469,100.54000091552734,44.99446332634745,3283.699951171875,89.39648794641315,52.62384569902501,583.3831371525944,26.572482497488064,5939.9599609375,93.19999694824219,38046.96875,,4.497000217437744,18.25,299859.0,0.0,24291700.0,24370.0,9679100.0,3158700.0,69973300.0,980400.0,4569750000.0,0.0,133200000.0,,0.0,0.0
2025-05-30,60.790000915527344,99.33000183105469,44.21735763549805,3288.89990234375,89.79528045654297,51.33132553100586,579.7730712890625,26.543476104736328,5911.68994140625,92.11000061035156,37965.1015625,5366.58984375,4.415999889373779,18.56999969482422,61.720001220703125,99.66999816894531,44.35335067193442,3318.0,89.84275891769096,51.72976997925973,581.4846704969287,26.640172171569482,5922.14013671875,92.66999816894531,38114.46875,5402.22998046875,4.441999912261963,20.549999237060547,59.7400016784668,99.12999725341797,43.93565565686137,3270.89990234375,89.53891560125366,51.049497975435415,573.7233954302501,26.533806129181162,5843.66015625,92.11000061035156,37748.171875,5358.75,4.394000053405762,18.56999969482422,60.939998626708984,99.25,44.35335067193442,3315.10009765625,89.59588395927437,51.72976997925973,579.320555390729,26.60149411370807,5903.669921875,92.66999816894531,37912.48828125,5370.2001953125,4.421999931335449,19.610000610351562,384927.0,0.0,42291600.0,184770.0,10268600.0,2665000.0,90601200.0,1030000.0,6378540000.0,0.0,204300000.0,44251600.0,0.0,0.0
2025-06-02,62.52000045776367,98.69999694824219,44.53791046142578,3397.199951171875,89.49042510986328,51.7589225769043,583.038818359375,26.35974884033203,5935.93994140625,95.76000213623047,37470.671875,5355.56005859375,4.461999893188477,18.360000610351562,63.880001068115234,99.41999816894531,44.55733856669756,3408.10009765625,89.68094897034574,51.79779610966872,583.1174697772985,26.446776771289084,5937.39990234375,95.76000213623047,37651.1796875,5364.22998046875,4.46999979019165,20.450000762939453,61.060001373291016,98.61000061035156,44.21735598827197,3319.39990234375,89.33800020706178,51.37991490041152,575.5136188023458,26.350078865296897,5861.43017578125,92.11000061035156,37320.71875,5308.0498046875,4.418000221252441,18.360000610351562,61.11000061035156,99.41000366210938,44.38248932478377,3323.0,89.54758081440414,51.62286891941295,578.1695751189003,26.427436821218816,5896.68017578125,92.11000061035156,37651.1796875,5337.39990234375,4.438000202178955,19.809999465942383,403580.0,0.0,20576500.0,180995.0,13341900.0,4035400.0,61630500.0,1051200.0,4832240000.0,0.0,109600000.0,20978600.0,0.0,0.0
2025-06-03,63.40999984741211,99.25,44.6447639465332,3377.10009765625,89.40469360351562,52.24483108520508,586.3637084960938,26.53380584716797,5970.3701171875,100.0,37446.80859375,5375.7001953125,4.460000038146973,17.690000534057617,63.88999938964844,99.33000183105469,44.69333235777212,3417.800048828125,89.73811402812142,52.34201491799096,587.3375451970118,26.54347582262036,5981.35009765625,100.0,37729.44921875,5376.9501953125,4.473999977111816,19.209999084472656,62.400001525878906,98.58000183105469,44.43106219597552,3357.199951171875,89.3284811441714,52.04075059713097,582.1928415555221,26.475785994453634,5929.0,95.76000213623047,37446.80859375,5326.22021484375,4.406000137329102,17.639999389648438,63.02000045776367,98.58999633789062,44.52819901845336,3406.5,89.61427423270217,52.25455132207575,582.6748967264019,26.5047959208108,5938.56005859375,95.76000213623047,37598.30859375,5363.990234375,4.409999847412109,18.829999923706055,291260.0,0.0,20943400.0,168220.0,8508900.0,1408700.0,63606200.0,1306600.0,5026680000.0,0.0,109300000.0,23600300.0,0.0,0.0
2025-06-04,62.849998474121094,98.79000091552734,45.19845199584961,3399.199951171875,90.06200408935547,53.24580383300781,586.206298828125,26.417766571044922,5970.81005859375,96.9800033569336,37747.44921875,5405.14990234375,4.364999771118164,17.610000610351562,63.959999084472656,99.38999938964844,45.25673631266729,3409.699951171875,90.13821654086624,53.30411042512245,588.1933580255613,26.48545455122674,5990.47998046875,100.0,37868.421875,5424.08984375,4.429999828338623,18.06999969482422,62.16999816894531,98.66999816894531,45.02360275092881,3366.89990234375,89.6714207263773,52.74045902730418,585.77347583579,26.379088515666368,5966.10986328125,96.9800033569336,37672.46875,5385.419921875,4.348999977111816,17.40999984741211,63.36000061035156,99.18000030517578,45.07217486770967,3377.800048828125,89.74763317788808,52.80848585622735,587.2195213026215,26.46611644571703,5978.93994140625,100.0,37686.66015625,5385.419921875,4.427999973297119,17.68000030517578,321128.0,0.0,26497800.0,167220.0,10115900.0,1720200.0,57314200.0,769700.0,4767050000.0,0.0,106700000.0,21120200.0,0.0,0.0
2025-06-05,63.369998931884766,98.73999786376953,45.43158721923828,3375.10009765625,89.7952651977539,53.44017028808594,583.373291015625,26.398427963256836,5939.2998046875,94.6500015258789,37554.48828125,5410.5498046875,4.394000053405762,18.479999542236328,63.97999954223633,98.94000244140625,45.63557677726267,3427.699951171875,90.17632017634271,53.721994146576186,589.2262178754949,26.42743788953495,5999.7001953125,96.9800033569336,37732.87890625,5432.3798828125,4.400000095367432,18.799999237060547,62.5,98.3499984741211,45.31502228687183,3362.300048828125,89.76668734626311,53.1874960198314,581.405924678812,26.301731897714912,5921.2001953125,94.6500015258789,37527.87890625,5382.10009765625,4.317999839782715,17.079999923706055,62.7599983215332,98.80000305175781,45.58700836423768,3398.0,90.06200150236032,53.59566071963323,587.8785767379185,26.301731897714912,5985.669921875,96.9800033569336,37590.390625,5406.68994140625,4.3379998207092285,17.68000030517578,232423.0,0.0,26292800.0,224859.0,8762800.0,1711200.0,92278700.0,1105500.0,5091850000.0,0.0,113800000.0,21911300.0,0.0,0.0
2025-06-06,64.58000183105469,99.19000244140625,45.577293395996094,3346.60009765625,89.080810546875,53.372135162353516,589.364013671875,26.53380584716797,6000.35986328125,89.6500015258789,37741.609375,5430.169921875,4.510000228881836,16.770000457763672,64.80000305175781,99.36000061035156,45.60643740883659,3398.300048828125,89.41423100514271,53.411008693695884,591.0264408134955,26.57248390461829,6016.8701171875,94.6500015258789,37756.1484375,5435.419921875,4.51200008392334,18.350000381469727,62.81999969482422,98.66000366210938,45.383019739899254,3328.800048828125,89.05223268874074,52.91538414422467,587.1211869788787,26.495125945358414,5978.6298828125,89.6500015258789,37590.421875,5395.580078125,4.400000095367432,16.649999618530273,63.33000183105469,98.69999694824219,45.47044436735582,3377.39990234375,89.33801853810412,53.04172126749537,588.8918048716712,26.562813929165902,5987.06005859375,94.6500015258789,37590.44140625,5407.14013671875,4.4029998779296875,18.15999984741211,310133.0,0.0,16629900.0,185366.0,7624200.0,1914900.0,66588700.0,758400.0,4355710000.0,0.0,98100000.0,19929000.0,0.0,0.0
2025-06-09,65.29000091552734,98.94000244140625,45.96584701538086,3354.89990234375,89.24275207519531,53.955230712890625,589.8950805664062,26.46611785888672,6005.8798828125,92.62000274658203,38088.5703125,,4.48199987411499,17.15999984741211,65.43000030517578,99.2300033569336,46.033843534488305,3359.0,89.35707076997195,54.05241084073023,591.4394702547755,26.543475818133523,6021.31005859375,92.62000274658203,38178.01171875,,4.51800012588501,17.719999313354492,64.19999694824219,98.81999969482422,45.76185745805852,3313.10009765625,89.0808060419438,53.69283991910258,588.7244952632093,26.46611785888672,5994.18017578125,89.6500015258789,38018.21875,,4.46999979019165,16.81999969482422,64.80000305175781,99.19999694824219,45.820138071274975,3333.39990234375,89.09032714882646,53.73171345311213,589.9344062766999,26.543475818133523,6004.6298828125,89.6500015258789,38028.7109375,,4.501999855041504,17.690000534057617,235900.0,0.0,22715200.0,142005.0,6061200.0,1587400.0,53016400.0,604600.0,4642360000.0,0.0,85700000.0,,0.0,0.0
2025-06-10,64.9800033569336,99.05000305175781,46.228118896484375,3343.39990234375,89.3951644897461,54.12043762207031,593.23974609375,26.49512481689453,6038.81005859375,91.22000122070312,38211.51171875,5415.3798828125,4.473999977111816,16.950000762939453,66.27999877929688,99.38999938964844,46.266975107306756,3370.39990234375,89.56663888784234,54.15931115604424,593.6233369539606,26.524134742016123,6043.009765625,92.62000274658203,38495.69921875,5428.18017578125,4.48199987411499,17.989999771118164,64.56999969482422,98.86000061035156,45.9852731371428,3321.300048828125,89.29990255036375,53.70255639981121,589.3148593018128,26.446776786051025,6000.27978515625,91.22000122070312,38139.1015625,5396.169921875,4.440000057220459,16.68000030517578,65.45999908447266,98.9800033569336,46.18926268566199,3346.300048828125,89.52853992650547,53.96494719335885,590.4263662035312,26.446776786051025,6009.91015625,92.62000274658203,38278.171875,5414.83984375,4.449999809265137,17.5,279021.0,0.0,26583600.0,158897.0,5579900.0,1867600.0,66247000.0,732100.0,4882880000.0,0.0,106000000.0,25739900.0,0.0,0.0
2025-06-11,68.1500015258789,98.62999725341797,46.422401428222656,3343.699951171875,89.76669311523438,54.285648345947266,591.5476684570312,26.398427963256836,6022.240234375,89.36000061035156,38421.19140625,5393.14990234375,4.4120001792907715,17.260000228881836,68.37000274658203,99.22000122070312,46.59725069091346,3382.300048828125,89.80479207432445,54.59662920370291,595.1873080200999,26.4661177912391,6059.39990234375,91.22000122070312,38529.640625,5430.14990234375,4.50600004196167,18.09000015258789,64.5999984741211,98.52999877929688,46.36411710548151,3335.39990234375,89.49042841970346,54.23705828201999,589.4918043518763,26.369419881337947,6002.31982421875,89.36000061035156,38288.28125,5393.14990234375,4.4070000648498535,16.229999542236328,64.76000213623047,98.95999908447266,46.4709698444073,3344.300048828125,89.56663360590329,54.42170200781733,594.3315085062023,26.446777840387025,6049.3798828125,91.22000122070312,38431.1015625,5418.2998046875,4.498000144958496,17.040000915527344,378473.0,0.0,28230800.0,201534.0,6594900.0,1337900.0,73658200.0,833300.0,5111550000.0,0.0,109300000.0,21853500.0,0.0,0.0
2025-06-12,68.04000091552734,97.91999816894531,46.50010681152344,3402.39990234375,90.15727996826172,54.21761703491211,593.8987426757812,26.205034255981445,6045.259765625,88.98999786376953,38173.08984375,5360.81982421875,4.35699987411499,18.020000457763672,69.29000091552734,98.5199966430664,46.52925082356604,3419.800048828125,90.16680834317958,54.28564386022596,593.8987426757812,26.24371231372218,6045.43017578125,89.36000061035156,38407.5703125,5381.60009765625,4.38700008392334,18.8700008392334,66.72000122070312,97.5999984741211,46.325257561397265,3358.5,89.94769932819189,54.06212661888274,589.7377818775473,26.166354353881466,6003.8798828125,88.98999786376953,38102.05078125,5327.740234375,4.343999862670898,17.43000030517578,69.02999877929688,98.45999908447266,46.36411377376583,3377.5,90.10964536169293,54.130153444196594,590.2197770479303,26.19536428045645,6009.89990234375,89.36000061035156,38324.9296875,5377.33984375,4.367000102996826,17.8700008392334,379394.0,0.0,19734400.0,230166.0,7795400.0,1228300.0,64129000.0,1260800.0,4669500000.0,0.0,104500000.0,22226600.0,0.0,0.0
2025-06-13,72.9800033569336,98.18000030517578,45.76185989379883,3452.800048828125,89.82386779785156,53.22636795043945,587.2589721679688,26.272722244262695,5976.97021484375,95.30999755859375,37834.25,5290.47021484375,4.423999786376953,20.81999969482422,77.62000274658203,98.58999633789062,45.9464213546951,3468.0,90.02392008142553,53.53734880416204,592.0298124990196,26.388760106220904,6026.16015625,95.30999755859375,38141.58984375,5329.27001953125,4.446000099182129,22.0,68.48999786376953,97.62000274658203,45.63557904922108,3399.60009765625,89.58570927911764,53.119467586875274,585.7637542322951,26.243712317683332,5963.2099609375,88.98999786376953,37540.19921875,5269.10986328125,4.340000152587891,18.8799991607666,68.9000015258789,97.80999755859375,45.65500715650477,3406.699951171875,89.95723598690087,53.255521246980884,588.7344972236672,26.369420155167994,6000.56005859375,88.98999786376953,38130.25,5329.27001953125,4.343999862670898,21.760000228881836,715652.0,0.0,35198100.0,270627.0,9195200.0,1898900.0,89506000.0,2720900.0,5258910000.0,0.0,143500000.0,31376400.0,0.0,0.0
2025-06-16,71.7699966430664,98.0,46.32286834716797,3417.300048828125,89.56663513183594,53.987945556640625,592.8461303710938,26.30173110961914,6033.10986328125,93.4800033569336,38311.328125,5339.56982421875,4.452000141143799,19.110000610351562,77.48999786376953,98.37000274658203,46.58768299421189,3476.300048828125,89.90958391364676,54.321628710380686,594.5872686908244,26.30173110961914,6050.830078125,95.30999755859375,38342.51953125,5344.1201171875,4.453999996185303,20.219999313354492,69.37999725341797,97.69000244140625,46.27382942914419,3400.89990234375,89.54758565196636,53.948691577947216,590.42624830293,26.156683326933962,6004.0,93.4800033569336,38055.51953125,5295.919921875,4.4029998779296875,18.670000076293945,76.54000091552734,98.26000213623047,46.27382942914419,3473.0,89.71906004287176,53.987945556640625,590.6033640975234,26.20503320261541,6004.0,95.30999755859375,38056.859375,5295.919921875,4.441999912261963,19.780000686645508,367312.0,0.0,26995900.0,192505.0,7508400.0,2035100.0,79984100.0,1534100.0,5111710000.0,0.0,104700000.0,24113300.0,0.0,0.0
2025-06-17,74.83999633789062,98.81999969482422,45.714778900146484,3406.89990234375,90.00485229492188,53.42853546142578,587.7802124023438,26.475786209106445,5982.72021484375,97.18000030517578,38536.73828125,5288.68017578125,4.39300012588501,21.600000381469727,75.54000091552734,98.87000274658203,46.107093997502915,3422.699951171875,90.04295125431302,53.85054661375959,591.9313264126861,26.495126160168024,6023.25,97.18000030517578,38581.25,5311.08984375,4.441999912261963,21.790000915527344,71.0,98.0199966430664,45.646123664573366,3384.39990234375,89.652375142386,53.41872290282793,587.0227571759267,26.292062207099207,5974.7998046875,93.4800033569336,38333.3515625,5265.2998046875,4.38100004196167,19.549999237060547,71.11000061035156,98.19000244140625,46.00901615852124,3404.199951171875,89.79527167817189,53.762218611089196,590.4164759991057,26.292062207099207,6012.14990234375,93.4800033569336,38366.6796875,5311.08984375,4.4029998779296875,20.530000686645508,154264.0,0.0,35176900.0,209083.0,5285000.0,1927200.0,82209400.0,2361400.0,4955700000.0,0.0,103600000.0,23696600.0,0.0,0.0
2025-06-18,75.13999938964844,98.91000366210938,45.7049674987793,3408.10009765625,90.06200408935547,52.92801284790039,587.691650390625,26.52413558959961,5980.8701171875,93.63999938964844,38885.1484375,5266.91015625,4.396999835968018,20.139999389648438,76.06999969482422,99.01000213623047,45.89132062524955,3419.0,90.34778988049176,53.192996857108405,591.4099413940326,26.543475540298683,6018.25,97.18000030517578,38885.1484375,5300.25,4.39900016784668,21.579999923706055,72.94000244140625,98.4800033569336,45.587273347249926,3380.10009765625,89.90957918633391,52.81024342508209,586.7374465360585,26.388759623424516,5971.89013671875,93.63999938964844,38364.16015625,5253.56005859375,4.3460001945495605,19.59000015258789,75.61000061035156,98.87000274658203,45.72458381427246,3409.0,90.15726601973424,53.12429771514586,588.6753335186196,26.446777631162526,5987.93017578125,97.18000030517578,38364.16015625,5288.6298828125,4.364999771118164,20.899999618530273,0.0,0.0,26286900.0,0.0,6732400.0,2254200.0,76605000.0,2202600.0,5106470000.0,0.0,110000000.0,19683100.0,0.0,0.0
2025-06-19,,,,,,,,,,,38488.33984375,5197.02978515625,,,,,,,,,,,,,38870.55078125,5248.419921875,,,,,,,,,,,,,38488.33984375,5196.83984375,,,,,,,,,,,,,38858.51953125,5248.419921875,,,,,,,,,,,,,89300000.0,19404400.0,,
2025-06-20,74.93000030517578,98.70999908447266,45.44015884399414,3385.699951171875,90.11917114257812,52.506004333496094,586.3114624023438,26.49512481689453,5967.83984375,90.0999984741211,38403.23046875,5233.580078125,4.375,20.6200008392334,77.58000183105469,98.88999938964844,45.881512869448365,3405.199951171875,90.25253931550716,52.94764437104704,591.421997724495,26.514464766975593,6018.2001953125,93.63999938964844,38646.16015625,5275.3798828125,4.442999839782715,21.06999969482422,74.30000305175781,98.54000091552734,45.400926211064494,3356.199951171875,89.82385694080956,52.476562912266914,584.9104595060545,26.427436835969964,5952.56005859375,90.0999984741211,38362.5390625,5208.18994140625,4.361000061035156,19.110000610351562,74.5999984741211,98.66999816894531,45.881512869448365,3387.10009765625,89.88101265263049,52.94764437104704,590.3564623402502,26.45644676109156,5999.669921875,93.63999938964844,38472.25,5208.18994140625,4.436999797821045,20.739999771118164,678377.0,0.0,32783300.0,280833.0,6261700.0,1215700.0,94051400.0,1191600.0,7451500000.0,0.0,183900000.0,47186700.0,0.0,0.0
2025-06-23,68.51000213623047,98.41999816894531,45.8128547668457,3395.0,90.43352508544922,53.124298095703125,592.1026611328125,26.38875961303711,6025.169921875,95.02999877929688,38354.08984375,5221.89990234375,4.320000171661377,19.829999923706055,78.4000015258789,99.41999816894531,45.82266479517938,3413.800048828125,90.7288392316769,53.15373951566299,592.4873858895392,26.620833488257013,6028.77001953125,95.02999877929688,38368.21875,5249.18017578125,4.361000061035156,22.510000228881836,66.5999984741211,98.3499984741211,45.263612905906086,3361.39990234375,90.3096853104548,52.65321665723288,583.9534091720473,26.36941966234565,5943.22998046875,90.0999984741211,38026.3203125,5189.58984375,4.290999889373779,19.81999969482422,78.0,99.08999633789062,45.36169074066542,3400.699951171875,90.37636938437778,52.82987266463703,587.0611349460189,26.611163512911283,5969.669921875,90.0999984741211,38260.69140625,5224.33984375,4.361000061035156,21.149999618530273,728868.0,0.0,22233200.0,193872.0,9310300.0,1829100.0,87426000.0,2885600.0,5597000000.0,0.0,95800000.0,22244300.0,0.0,0.0
2025-06-24,64.37000274658203,97.86000061035156,46.99961471557617,3333.89990234375,90.74789428710938,54.53754425048828,598.6438598632812,26.253381729125977,6092.18017578125,92.62000274658203,38790.55859375,5297.06982421875,4.293000221252441,17.479999542236328,67.83000183105469,98.27999877929688,47.01923103120527,3385.0,90.79552161444214,54.557173112397706,599.699459496435,26.32106971199756,6101.759765625,95.02999877929688,38990.109375,5323.080078125,4.370999813079834,18.719999313354492,64.0,97.70999908447266,46.49941176203799,3308.300048828125,90.30968362834628,53.772037355133875,595.3189919942236,26.20503369689176,6059.25,92.62000274658203,38665.609375,5261.919921875,4.284999847412109,17.329999923706055,67.73999786376953,98.16000366210938,46.5288343647668,3383.800048828125,90.34778258300496,53.85054905894896,596.2266992885851,26.311399736678876,6061.2099609375,95.02999877929688,38779.1796875,5261.919921875,4.3520002365112305,18.190000534057617,541475.0,0.0,36113900.0,227429.0,7694500.0,1409600.0,67735300.0,1538800.0,5443690000.0,0.0,100800000.0,25662900.0,0.0,0.0
2025-06-25,64.91999816894531,97.68000030517578,47.038848876953125,3343.10009765625,90.7860107421875,54.498287200927734,598.979248046875,26.185693740844727,6092.16015625,91.23999786376953,38942.0703125,5252.009765625,4.293000221252441,16.760000228881836,66.02999877929688,98.19999694824219,47.0682752220688,3351.300048828125,90.82410970114029,54.684759519462986,600.4492593088346,26.32106970655992,6108.509765625,92.62000274658203,38944.76953125,5316.259765625,4.3379998207092285,17.510000228881836,64.51000213623047,97.6500015258789,46.90153840451255,3325.5,90.48116819442777,54.390330331001564,597.4204170810242,26.17602376552804,6080.08984375,91.23999786376953,38711.109375,5252.009765625,4.293000221252441,16.68000030517578,65.12000274658203,97.94000244140625,46.980003669581315,3338.10009765625,90.57643012784901,54.674943216475526,599.7586334214261,26.32106970655992,6104.22998046875,92.62000274658203,38904.1796875,5302.93994140625,4.308000087738037,17.280000686645508,278504.0,0.0,23739200.0,130010.0,6393300.0,2834200.0,62114800.0,1828600.0,5171110000.0,0.0,102900000.0,20614100.0,0.0,0.0
2025-06-26,65.23999786376953,97.1500015258789,47.35270309448242,3348.0,91.10989379882812,54.50810241699219,603.6655883789062,26.07932472229004,6141.02001953125,89.47000122070312,39584.578125,5244.02978515625,4.252999782562256,16.59000015258789,66.41999816894531,97.61000061035156,47.43116836061188,3363.89990234375,91.11942217163798,54.67494212622564,604.0996909412141,26.11800462187424,6146.52001953125,91.23999786376953,39615.58984375,5273.81005859375,4.293000221252441,16.780000686645508,64.66000366210938,97.0,47.12712106650495,3322.5,90.83362913149355,54.302004984237016,600.2125189749694,26.011636742376815,6107.27001953125,89.47000122070312,39056.140625,5222.759765625,4.25,16.110000610351562,64.9800033569336,97.55000305175781,47.25462525325041,3347.5,90.95747617396498,54.37070412848874,600.8242007377552,26.069654747393987,6112.08984375,91.23999786376953,39072.140625,5261.16015625,4.2769999504089355,16.670000076293945,233771.0,0.0,21962200.0,155584.0,7131900.0,1832000.0,78548400.0,1559900.0,5308140000.0,0.0,123600000.0,19248100.0,0.0,0.0
2025-06-27,65.5199966430664,97.4000015258789,47.166351318359375,3287.60009765625,90.87174224853516,54.154788970947266,606.6648559570312,26.127676010131836,6173.06982421875,87.93000030517578,40150.7890625,5325.64013671875,4.2829999923706055,16.31999969482422,66.08999633789062,97.5,47.32327810126597,3341.39990234375,91.14800693682805,54.36088639829074,608.1250520914118,26.156684092030037,6187.68017578125,89.47000122070312,40267.83984375,5325.64013671875,4.293000221252441,17.290000915527344,64.80000305175781,97.0,47.038847138051004,3266.5,90.81458654337783,53.98794552227221,602.639606635459,26.059988026557072,6132.35009765625,87.93000030517578,39847.30859375,5268.81982421875,4.239999771118164,16.1200008392334,65.30000305175781,97.33000183105469,47.11731240021912,3341.300048828125,90.87174224853516,54.1842303909042,604.6621068443518,26.098666083874413,6150.7001953125,89.47000122070312,39866.359375,5268.81982421875,4.270999908447266,16.309999465942383,236284.0,0.0,37593400.0,218869.0,8402400.0,1273600.0,86258400.0,1373700.0,7889350000.0,0.0,156100000.0,19945700.0,0.0,0.0
2025-06-30,65.11000061035156,96.87999725341797,47.313472747802734,3307.699951171875,91.23374938964844,54.07627487182617,609.5653686523438,25.992298126220703,6204.9501953125,90.26000213623047,40487.390625,5303.240234375,4.230000019073486,16.729999542236328,65.81999969482422,97.31999969482422,47.34289535098153,3321.60009765625,91.27185561947509,54.12534889807239,610.9169938229498,26.10833598656795,6215.080078125,90.26000213623047,40852.5390625,5341.77001953125,4.2769999504089355,17.43000030517578,64.5,96.7699966430664,46.980002859867454,3250.5,90.93843519351714,53.61500972445679,606.7930496988761,25.982629995187718,6174.97021484375,87.93000030517578,40322.5390625,5296.4599609375,4.230000019073486,16.549999237060547,65.1500015258789,97.19000244140625,47.07808069808325,3284.300048828125,91.07180336390032,53.811294597973955,609.1016996773074,26.10833598656795,6193.35986328125,87.93000030517578,40550.7890625,5337.740234375,4.252999782562256,17.190000534057617,193289.0,0.0,32966300.0,144201.0,10542300.0,1169400.0,92502500.0,1023100.0,5782900000.0,0.0,143900000.0,22053900.0,0.0,0.0
2025-07-01,65.44999694824219,96.81999969482422,47.4017448425293,3349.800048828125,91.0645980834961,54.24311828613281,609.3681030273438,25.982629776000977,6198.009765625,93.4800033569336,39986.328125,5282.43017578125,4.250999927520752,16.829999923706055,65.9800033569336,96.94999694824219,47.49001265307824,3370.5,91.27484388629516,54.36088771263045,610.5322734636828,26.021307832884297,6210.77978515625,93.4800033569336,40345.87109375,5314.39013671875,4.2769999504089355,17.479999542236328,64.66999816894531,96.37999725341797,47.26443062945043,3313.699951171875,90.90213806900141,54.00757568931497,607.2666588703396,25.924609924137194,6177.97021484375,90.26000213623047,39885.37890625,5265.93994140625,4.204999923706055,16.510000228881836,64.95999908447266,96.77999877929688,47.421357417253674,3315.699951171875,91.1888309255648,54.05664971552634,608.0953617899536,25.943949874758456,6187.25,90.26000213623047,40340.640625,5308.009765625,4.206999778747559,16.979999542236328,193162.0,0.0,25393000.0,168854.0,10659800.0,1446700.0,70030100.0,1503800.0,6275310000.0,0.0,124000000.0,19996900.0,0.0,0.0
2025-07-02,67.44999694824219,96.77999877929688,47.60771179199219,3359.699951171875,90.87347412109375,53.97813415527344,612.1305541992188,25.963289260864258,6227.419921875,91.37000274658203,39762.48046875,5318.72021484375,4.293000221252441,16.639999389648438,67.58000183105469,97.1500015258789,47.60771179199219,3371.0,90.9212599156556,53.97813415527344,612.1699961712587,26.079325273350467,6227.60009765625,93.4800033569336,39943.62109375,5323.52978515625,4.308000087738037,17.3700008392334,65.2300033569336,96.62000274658203,47.20558665391638,3337.199951171875,90.72057270245529,53.68370871773646,608.3420172970813,25.963289260864258,6188.2900390625,91.37000274658203,39444.69921875,5285.25,4.263000011444092,16.540000915527344,65.55999755859375,96.63999938964844,47.244815545818284,3350.0,90.77790982305864,53.899618708558215,608.9635746030316,26.050317192408496,6193.8798828125,93.4800033569336,39631.171875,5294.27001953125,4.269000053405762,16.75,265200.0,0.0,23950600.0,132187.0,6026200.0,1688500.0,66510400.0,774500.0,5645710000.0,0.0,127600000.0,23507800.0,0.0,0.0
2025-07-03,67.0,97.18000030517578,47.823482513427734,3342.89990234375,90.55809783935547,53.703338623046875,616.9549560546875,26.0889949798584,6279.35009765625,86.08999633789062,39785.8984375,5343.14990234375,4.3480000495910645,16.3799991607666,67.58000183105469,97.41999816894531,47.86271514571021,3376.89990234375,90.65366212174358,53.850549472764875,617.882354174148,26.108334929860046,6284.64990234375,91.37000274658203,39865.890625,5343.14990234375,4.363999843597412,16.829999923706055,66.52999877929688,96.69000244140625,47.64694315101606,3321.39990234375,90.4434163258373,53.536495167445985,614.0839419945853,26.02130699921178,6246.4599609375,86.08999633789062,39667.8203125,5302.58984375,4.255000114440918,16.139999389648438,67.5,96.75,47.64694315101606,3369.0,90.59632501052819,53.66408089892636,614.1036930875782,26.059986899215076,6246.4599609375,91.37000274658203,39796.75,5325.85009765625,4.256999969482422,16.649999618530273,0.0,0.0,20080100.0,0.0,7398900.0,2230200.0,51065800.0,1148900.0,3378110000.0,0.0,135400000.0,19117600.0,0.0,0.0
2025-07-04,66.5,,,3346.5,,,,,,,39810.87890625,5288.81005859375,,,67.18000030517578,,,3355.0,,,,,,,40012.66015625,5320.93994140625,,,66.04000091552734,,,3332.800048828125,,,,,,,39693.3984375,5274.8798828125,,,67.12999725341797,,,3335.0,,,,,,,39994.640625,5320.93994140625,,,0.0,,,0.0,,,,,,,96600000.0,14290600.0,,
2025-07-07,67.93000030517578,97.4800033569336,47.14673614501953,3342.800048828125,90.27140045166016,53.60519027709961,612.357421875,26.176023483276367,6229.97998046875,88.52999877929688,39587.6796875,5341.5400390625,4.394999980926514,17.790000915527344,68.31999969482422,97.66999816894531,47.46058971843631,3352.89990234375,90.42430914101014,53.98794369890265,615.6625385416997,26.243711465404097,6262.06982421875,88.52999877929688,39829.37890625,5341.5400390625,4.39900016784668,18.5,65.4000015258789,96.88999938964844,47.03884827763944,3304.39990234375,90.19494610698517,53.52667857859193,609.5851029977032,26.12767545157347,6201.0,86.08999633789062,39524.25,5289.18994140625,4.349999904632568,17.510000228881836,65.69999694824219,96.95999908447266,47.352701851056224,3344.5,90.41475052515386,53.575748858137025,615.0014790783108,26.137345426785885,6259.0400390625,86.08999633789062,39729.55859375,5292.7900390625,4.363999843597412,17.829999923706055,332949.0,0.0,24462300.0,235762.0,8518600.0,2329900.0,74814500.0,1337800.0,5236740000.0,0.0,93400000.0,18338300.0,0.0,0.0
2025-07-08,68.33000183105469,97.51000213623047,47.440975189208984,3316.89990234375,90.13760375976562,54.10572052001953,612.0220336914062,26.195363998413086,6225.52001953125,88.05000305175781,39688.80859375,5371.9501953125,4.414999961853027,16.809999465942383,68.91000366210938,97.83999633789062,47.49001411038426,3355.60009765625,90.14716237506684,54.29218909242537,613.7682592313246,26.29206190826265,6242.7001953125,88.52999877929688,39816.26953125,5375.41015625,4.434999942779541,17.440000534057617,67.33000183105469,97.18000030517578,47.31347474243925,3295.39990234375,89.98470237038218,53.97813478951943,611.2130216520668,26.185694022992205,6217.75,88.05000305175781,39510.48046875,5333.52978515625,4.413000106811523,16.540000915527344,67.95999908447266,97.36000061035156,47.440975189208984,3348.89990234375,90.03248086471386,54.135161940972395,613.0184402574613,26.253382006579134,6234.02978515625,88.52999877929688,39542.0703125,5346.330078125,4.414999961853027,17.40999984741211,219882.0,0.0,16316900.0,218029.0,5282800.0,1832000.0,59024600.0,1337300.0,5739030000.0,0.0,136600000.0,22869400.0,0.0,0.0
2025-07-09,68.37999725341797,97.47000122070312,47.36251449584961,3321.0,90.60588073730469,53.56593704223633,615.692138671875,26.195363998413086,6263.259765625,84.30999755859375,39821.28125,5445.64990234375,4.3420000076293945,15.9399995803833,68.94000244140625,97.75,47.45078605208812,3325.60009765625,90.61543935333414,53.79166332633045,616.3432624074327,26.234042055737376,6269.16015625,88.05000305175781,39971.05859375,5451.7001953125,4.422999858856201,16.760000228881836,67.69999694824219,97.45999908447266,47.22520401757413,3290.199951171875,90.2714020871512,53.39909359688355,612.5843521193799,26.185694022992205,6231.43017578125,84.30999755859375,39573.33984375,5382.02978515625,4.340000152587891,15.760000228881836,68.18000030517578,97.55000305175781,47.45078605208812,3310.60009765625,90.2714020871512,53.79166332633045,614.4194576258184,26.205033973833963,6243.330078125,88.05000305175781,39942.80078125,5382.02978515625,4.416999816894531,16.760000228881836,223945.0,0.0,14846200.0,167968.0,6900800.0,2595000.0,66113300.0,703200.0,4813340000.0,0.0,129000000.0,27890300.0,0.0,0.0
2025-07-10,66.56999969482422,97.6500015258789,47.490013122558594,3325.699951171875,90.55809783935547,53.987945556640625,617.4285278320312,26.243711471557617,6280.4599609375,81.58000183105469,39646.359375,5438.27001953125,4.3460001945495605,15.779999732971191,68.6500015258789,97.91999816894531,47.49982315144751,3339.39990234375,90.57720777939814,54.02720327915651,618.4644365752275,26.31139945370122,6290.22021484375,84.30999755859375,39795.75,5470.81005859375,4.375999927520752,16.239999771118164,66.44999694824219,97.2699966430664,47.274241125589626,3319.199951171875,90.3765205990569,53.62482098292489,614.6562088976586,26.224373365487438,6251.43994140625,81.58000183105469,39530.94921875,5434.9501953125,4.3420000076293945,15.699999809265137,68.29000091552734,97.44000244140625,47.45078423129228,3322.199951171875,90.53898060822542,53.87999243545566,615.8302548644143,26.243711471557617,6266.7998046875,84.30999755859375,39795.75,5452.2998046875,4.3460001945495605,16.229999542236328,258654.0,0.0,21892100.0,168190.0,4451900.0,715700.0,57529000.0,1244700.0,5367350000.0,0.0,129300000.0,22942900.0,0.0,0.0
2025-07-11,68.44999694824219,97.8499984741211,47.33308792114258,3364.0,90.13760375976562,53.9290657043457,615.2579956054688,26.321069717407227,6259.75,85.4800033569336,39569.6796875,5383.47998046875,4.422999858856201,16.399999618530273,68.7699966430664,97.95999908447266,47.46059211096753,3381.60009765625,90.28095382493505,54.18423342719022,616.48135905139,26.34040966804857,6269.43994140625,85.4800033569336,39957.80078125,5423.0,4.425000190734863,17.239999771118164,66.5,97.55999755859375,47.293859028560206,3332.300048828125,90.08981797434676,53.879995420393605,613.1960537313187,26.263051709842404,6237.60009765625,81.58000183105469,39497.69921875,5370.169921875,4.380000114440918,15.979999542236328,66.8499984741211,97.56999969482422,47.41155318916714,3333.10009765625,90.2522852701186,54.12535058397678,614.38979053738,26.29206163580442,6255.68017578125,81.58000183105469,39886.5390625,5423.0,4.388000011444092,16.40999984741211,226297.0,0.0,27338400.0,216883.0,6004300.0,704200.0,63670200.0,597500.0,4656210000.0,0.0,115900000.0,20740800.0,0.0,0.0
2025-07-14,66.9800033569336,98.08000183105469,47.4017448425293,3359.10009765625,90.0993881225586,54.517913818359375,616.4320678710938,26.38875961303711,6268.56005859375,90.7300033569336,39459.62109375,5370.85009765625,4.427000045776367,17.200000762939453,69.6500015258789,98.13999938964844,47.4409737334078,3389.300048828125,90.27140676456321,54.55717154104752,616.7773507170579,26.39842774402363,6273.31005859375,90.7300033569336,39608.01953125,5371.2099609375,4.447000026702881,17.850000381469727,66.80000305175781,97.7699966430664,47.27424065824236,3348.5,89.99426521405087,54.223488385843275,613.4624186155016,26.321069785616995,6239.22021484375,85.4800033569336,39288.8984375,5337.64013671875,4.4029998779296875,16.90999984741211,68.68000030517578,97.95999908447266,47.34289589406693,3376.5,90.13761529756941,54.31181638998036,614.804168244691,26.350079711654185,6255.14990234375,85.4800033569336,39416.1015625,5357.5,4.433000087738037,17.729999542236328,263877.0,0.0,16882100.0,195336.0,5101600.0,1121100.0,51898500.0,1313500.0,4722250000.0,0.0,91500000.0,15696500.0,0.0,0.0
2025-07-15,66.5199966430664,98.62000274658203,47.745018005371094,3336.699951171875,89.74579620361328,55.626922607421875,613.7979125976562,26.53380584716797,6243.759765625,88.94999694824219,39678.01953125,5354.169921875,4.488999843597412,17.3799991607666,67.12999725341797,98.69999694824219,47.94117741309026,3375.39990234375,90.21406632082349,55.71525061546187,619.4411858079188,26.553143953713512,6302.0400390625,90.7300033569336,39678.01953125,5397.759765625,4.491000175476074,17.389999389648438,66.22000122070312,97.93000030517578,47.67636277388381,3327.300048828125,89.6980104138399,54.98899768893047,613.7189684346675,26.3887599041006,6241.68017578125,88.94999694824219,39379.3203125,5351.3798828125,4.395999908447266,16.559999465942383,66.86000061035156,98.13999938964844,47.901944783260525,3352.0,90.20450770465123,55.28342687827891,619.1057784945341,26.398428035193753,6295.2900390625,90.7300033569336,39525.828125,5374.6298828125,4.431000232696533,16.889999389648438,252724.0,0.0,24890500.0,179884.0,5628100.0,2827900.0,74317300.0,1713300.0,5133670000.0,0.0,98800000.0,16054000.0,0.0,0.0
2025-07-16,66.37999725341797,98.38999938964844,47.970603942871094,3359.10009765625,89.99424743652344,55.46007537841797,615.8499145507812,26.43710708618164,6263.7001953125,89.5199966430664,39663.3984375,5298.06982421875,4.454999923706055,17.15999984741211,67.01000213623047,98.91000366210938,47.98041023041677,3385.800048828125,90.06114315680571,55.509149402520045,616.3530856848711,26.60149297486338,6268.1201171875,89.5199966430664,39923.609375,5351.43017578125,4.488999843597412,19.479999542236328,65.41999816894531,97.70999908447266,47.54886249124047,3326.10009765625,89.76489172285375,55.008622809729154,609.7626638597798,26.28239117264108,6201.58984375,88.94999694824219,39520.9609375,5298.06982421875,4.436999797821045,16.690000534057617,66.7300033569336,98.58000183105469,47.72540559850119,3330.5,89.88912454878177,55.24416539642294,615.3763700559891,26.562813074298653,6254.5,88.94999694824219,39734.73828125,5327.77978515625,4.474999904632568,17.65999984741211,248346.0,0.0,32620000.0,235160.0,12786300.0,1372400.0,88987500.0,2539400.0,5177460000.0,0.0,96400000.0,19910000.0,0.0,0.0
2025-07-17,67.54000091552734,98.7300033569336,48.24522399902344,3345.300048828125,89.9655990600586,55.86246109008789,619.6187744140625,26.553142547607422,6297.35986328125,85.56999969482422,39901.19140625,5377.14990234375,4.4629998207092285,16.520000457763672,67.69000244140625,98.94999694824219,48.274650343975864,3358.199951171875,90.14717632344093,55.90171881424631,619.9739930445255,26.582152472428387,6304.68994140625,89.5199966430664,39910.9609375,5377.14990234375,4.493000030517578,17.3700008392334,66.29000091552734,98.33999633789062,47.862715187509565,3314.300048828125,89.88914470799358,55.25398134092295,615.8105464724214,26.533804442085913,6262.27001953125,85.56999969482422,39370.4296875,5336.580078125,4.428999900817871,16.479999542236328,66.5999984741211,98.3499984741211,47.911754107190625,3354.699951171875,90.04205341212361,55.27361020300216,616.0276278697462,26.553142547607422,6263.39990234375,89.5199966430664,39492.01953125,5338.990234375,4.4770002365112305,17.15999984741211,188802.0,0.0,22323900.0,161740.0,4747200.0,1325300.0,68885700.0,1520200.0,5512290000.0,0.0,101500000.0,17731600.0,0.0,0.0
2025-07-18,67.33999633789062,98.4800033569336,48.1373405456543,3358.300048828125,90.21406555175781,56.38261413574219,619.1649169921875,26.51446533203125,6296.7900390625,83.29000091552734,39819.109375,5359.22998046875,4.432000160217285,16.40999984741211,68.95999908447266,98.58000183105469,48.47080670072197,3368.0,90.29051989830833,56.86350813249349,621.0295285799061,26.51446533203125,6315.60986328125,85.56999969482422,40087.58984375,5404.31982421875,4.441999912261963,16.809999465942383,67.19999694824219,98.0999984741211,48.10791420029024,3337.199951171875,90.11850126411358,56.3629852745124,618.0599396747441,26.408097448677726,6285.27001953125,83.29000091552734,39745.421875,5353.10009765625,4.415999889373779,16.280000686645508,67.5999984741211,98.48999786376953,48.38253888891921,3347.5,90.22362416784858,56.51019986182462,620.8618249379944,26.427437399170948,6312.9501953125,85.56999969482422,40072.390625,5385.3701171875,4.423999786376953,16.43000030517578,107628.0,0.0,23408000.0,115413.0,4035000.0,1754300.0,65621600.0,910600.0,5184700000.0,0.0,92000000.0,18711300.0,0.0,0.0
2025-07-21,67.19999694824219,97.8499984741211,48.45119094848633,3406.39990234375,90.52942657470703,56.73592758178711,620.3389892578125,26.340410232543945,6305.60009765625,86.62000274658203,,5342.97998046875,4.372000217437744,16.649999618530273,67.76000213623047,98.51000213623047,48.64734661709133,3416.89990234375,90.69188657901402,57.00091159934166,623.0718060276608,26.41776819240795,6336.080078125,86.62000274658203,,5360.0498046875,4.383999824523926,16.989999771118164,66.45999908447266,97.69999694824219,48.304070455603025,3351.0,90.48164078939925,56.44149839973367,619.9147622533486,26.292062199263658,6303.7900390625,83.29000091552734,,5318.52978515625,4.3520002365112305,16.299999237060547,67.31999969482422,98.36000061035156,48.38253571618867,3355.60009765625,90.59632229948562,56.618154411436706,620.3389892578125,26.39842824135214,6304.740234375,83.29000091552734,,5358.18994140625,4.368000030517578,16.8700008392334,81194.0,0.0,16861700.0,191195.0,5232300.0,1695300.0,63375000.0,2401200.0,5010840000.0,0.0,,18353100.0,0.0,0.0
2025-07-22,66.20999908447266,97.38999938964844,48.480613708496094,3443.699951171875,90.78744506835938,57.5799446105957,620.4276733398438,26.205034255981445,6309.6201171875,89.88999938964844,39774.921875,5290.47998046875,4.335999965667725,16.5,67.12999725341797,97.98999786376953,48.49041999538648,3447.5,90.84478217420218,57.62901863548803,621.2860027914654,26.350080200137878,6316.1201171875,89.88999938964844,40275.890625,5332.31982421875,4.377999782562256,17.479999542236328,65.98999786376953,97.30999755859375,48.107911202358714,3394.89990234375,90.60586784507491,56.94202346904258,617.7934919268233,26.19536428045645,6281.7099609375,86.62000274658203,39586.53125,5277.85009765625,4.328000068664551,16.43000030517578,67.12000274658203,97.87000274658203,48.31387689992297,3410.699951171875,90.62498507441364,57.12849203463704,620.6644455724645,26.33074024908789,6306.60009765625,86.62000274658203,39864.62890625,5332.31982421875,4.372000217437744,16.75,269991.0,0.0,22316500.0,227372.0,6098000.0,4269900.0,60046300.0,1688600.0,5662040000.0,0.0,112100000.0,16474700.0,0.0,0.0
2025-07-23,65.25,97.20999908447266,48.971012115478516,3397.60009765625,90.46253204345703,58.149169921875,625.7060546875,26.166353225708008,6358.91015625,85.94999694824219,41171.3203125,5344.25,4.388000011444092,15.369999885559082,65.77999877929688,97.61000061035156,49.00043471863128,3451.699951171875,90.6345433742253,58.25712678572045,625.7060546875,26.282391082645677,6360.64013671875,89.88999938964844,41342.58984375,5371.35009765625,4.3979997634887695,16.31999969482422,64.70999908447266,97.19000244140625,48.73562006596726,3390.60009765625,90.41474625751879,57.982330218711986,621.2860849659141,26.156683250599936,6317.490234375,85.94999694824219,40087.859375,5305.58984375,4.357999801635742,15.319999694824219,65.48999786376953,97.47000122070312,48.78466272646148,3444.300048828125,90.57720626396922,58.070654477688336,623.0816882564411,26.26305113242954,6326.89990234375,89.88999938964844,40189.1796875,5305.58984375,4.357999801635742,16.229999542236328,251825.0,0.0,23744600.0,263025.0,5074000.0,6193700.0,70511000.0,2129500.0,5642510000.0,0.0,221100000.0,33305200.0,0.0,0.0
2025-07-24,66.02999877929688,97.37999725341797,48.706199645996094,3373.5,90.32872009277344,58.08047103881836,625.9132080078125,26.234041213989258,6363.35009765625,82.75,41826.33984375,5355.2001953125,4.4079999923706055,15.390000343322754,66.38999938964844,97.55000305175781,48.89254904336596,3401.10009765625,90.42429165067503,58.39452532931898,627.6200518287297,26.243711189099866,6381.31005859375,85.94999694824219,42065.828125,5396.31005859375,4.441999912261963,15.539999961853027,65.33000183105469,97.11000061035156,48.6767770415245,3355.199951171875,90.13759155914263,57.94307275470214,625.488980993582,26.156683257463566,6360.56982421875,82.75,41554.1796875,5337.97021484375,4.394000053405762,14.949999809265137,65.41999816894531,97.18000030517578,48.82389380531233,3398.60009765625,90.14715017315004,58.32582618726087,626.0907872079496,26.205033133016602,6368.60009765625,85.94999694824219,41657.98046875,5365.919921875,4.4079999923706055,15.390000343322754,281209.0,0.0,18948000.0,215271.0,5867400.0,3532200.0,71307100.0,895000.0,5282720000.0,0.0,149400000.0,26211600.0,0.0,0.0
2025-07-25,65.16000366210938,97.6500015258789,48.55907440185547,3335.60009765625,90.53898620605469,57.835121154785156,628.5572509765625,26.29206085205078,6388.64013671875,82.08999633789062,41456.23046875,5352.16015625,4.386000156402588,14.930000305175781,66.73999786376953,97.91000366210938,48.58850074488519,3376.60009765625,90.53898620605469,57.874378880626764,629.0308557161836,26.37908878298336,6395.81982421875,82.75,41773.69921875,5362.22998046875,4.429999828338623,15.390000343322754,65.0,97.43000030517578,48.362918735948035,3325.5,90.26184466623295,57.452367687386506,626.3276053702117,26.29206085205078,6368.52978515625,82.08999633789062,41389.7890625,5317.5400390625,4.381999969482422,14.920000076293945,66.1500015258789,97.44999694824219,48.43157396730154,3372.10009765625,90.30007183976917,57.63883626939993,626.5742531786653,26.350078857886114,6370.009765625,82.75,41760.578125,5342.66015625,4.415999889373779,15.329999923706055,234283.0,0.0,15605000.0,196380.0,3614000.0,3979700.0,56865400.0,871000.0,4470720000.0,0.0,117500000.0,20673400.0,0.0,0.0
2025-07-28,66.70999908447266,98.66000366210938,48.235416412353516,3310.0,90.33829498291016,57.60939407348633,628.3994140625,26.59182357788086,6389.77001953125,83.7300033569336,40998.26953125,5337.580078125,4.420000076293945,15.029999732971191,67.13999938964844,98.69000244140625,48.39234319596364,3345.39990234375,90.4434178826728,58.001960095163525,629.4846403177779,26.601493553232284,6401.06982421875,83.7300033569336,41534.2109375,5417.27978515625,4.420000076293945,15.539999961853027,65.05000305175781,97.48999786376953,48.14714486273347,3300.0,90.30006781107942,57.511249760199966,627.0181622678288,26.466117587030748,6375.7900390625,82.08999633789062,40997.87109375,5330.97021484375,4.392000198364258,15.0,65.1500015258789,97.58000183105469,48.343304277603536,3321.10009765625,90.3765221547409,57.903819525699916,628.9321516432593,26.495125668725812,6397.68994140625,82.08999633789062,41515.91015625,5381.58984375,4.400000095367432,15.149999618530273,262038.0,0.0,27703400.0,180215.0,5073200.0,1511900.0,54917100.0,1843200.0,4565620000.0,0.0,106500000.0,25293700.0,0.0,0.0
2025-07-29,69.20999908447266,98.91000366210938,48.255035400390625,3324.0,90.9308090209961,57.47199249267578,626.741943359375,26.65951156616211,6370.85986328125,85.06999969482422,40674.55078125,5379.2001953125,4.329999923706055,15.979999542236328,69.76000213623047,99.13999938964844,48.402152163618396,3332.300048828125,90.9308090209961,58.00195677882977,630.1061928990167,26.72719954927603,6409.259765625,85.06999969482422,40792.8515625,5412.509765625,4.4039998054504395,16.1200008392334,66.52999877929688,98.58000183105469,48.18638016259836,3305.800048828125,90.45298028971507,57.43273476960585,625.8342963044605,26.6401716154555,6363.919921875,83.7300033569336,40563.53125,5340.77978515625,4.326000213623047,14.699999809265137,67.04000091552734,98.63999938964844,48.34330695489923,3313.39990234375,90.47209023088767,57.97251535843859,629.7904764849706,26.707861442928635,6405.6201171875,83.7300033569336,40767.76953125,5340.77978515625,4.381999969482422,14.949999809265137,329112.0,0.0,24742400.0,113144.0,7864000.0,2267000.0,60556300.0,1876000.0,5076120000.0,0.0,101000000.0,26138900.0,0.0,0.0
2025-07-30,70.0,99.94000244140625,47.901947021484375,3295.800048828125,90.61543273925781,56.8144416809082,625.9526977539062,26.920595169067383,6362.89990234375,81.87999725341797,40654.69921875,5393.18017578125,4.375999927520752,15.479999542236328,70.51000213623047,99.9800033569336,48.186377988895764,3331.800048828125,90.86390570027324,57.265894288156225,629.129492632239,26.939935119631347,6396.5400390625,85.06999969482422,40744.53125,5404.080078125,4.380000114440918,17.270000457763672,68.44999694824219,98.69999694824219,47.803869183756845,3263.89990234375,90.54853701410987,56.70648480877874,623.0718079865017,26.756209277992074,6336.3798828125,81.87999725341797,40556.609375,5363.97998046875,4.331999778747559,15.4399995803833,69.33999633789062,98.91999816894531,48.098106438369115,3325.800048828125,90.61543273925781,57.03035542516714,627.3930824208583,26.84323721117072,6381.22998046875,85.06999969482422,40744.53125,5376.43017578125,4.343999862670898,15.869999885559082,345336.0,0.0,37855400.0,19252.0,7425600.0,2798000.0,80418900.0,1900300.0,5375070000.0,0.0,123700000.0,30033200.0,0.0,0.0
2025-07-31,69.26000213623047,100.02999877929688,47.62732696533203,3293.199951171875,90.69189453125,56.36298751831055,623.6046142578125,26.978612899780273,6339.39013671875,79.83999633789062,41069.8203125,5319.919921875,4.360000133514404,16.719999313354492,70.41000366210938,100.0999984741211,47.87252530562454,3312.0,90.91169166432931,56.6181552368111,631.2703873241156,26.99795285014594,6427.02001953125,81.87999725341797,41151.25,5419.6201171875,4.360000133514404,17.170000076293945,68.55999755859375,99.5199966430664,47.548861700552145,3272.89990234375,90.65366735786928,56.117632358904295,622.3121821287813,26.901254942676786,6327.64013671875,79.83999633789062,40639.3203125,5317.60986328125,4.326000213623047,14.739999771118164,70.30000305175781,99.80000305175781,47.794060040844656,3272.89990234375,90.75879026189429,56.23540178714896,630.8856625012866,26.978612899780273,6427.02001953125,81.87999725341797,40693.0,5405.66015625,4.343999862670898,14.989999771118164,247031.0,0.0,30587100.0,158029.0,10411800.0,3082700.0,103385200.0,1316200.0,6077080000.0,0.0,134800000.0,32217300.0,0.0,0.0
2025-08-01,67.33000183105469,98.69000244140625,47.27424240112305,3399.800048828125,91.73600006103516,55.46989440917969,613.3834838867188,26.65951156616211,6238.009765625,83.83000183105469,40799.6015625,,4.21999979019165,20.3799991607666,69.58000183105469,100.26000213623047,47.45078551158911,3416.89990234375,91.78394195008696,55.65636298094328,617.9415908673775,26.746539499982642,6287.27978515625,83.83000183105469,41064.73046875,,4.4079999923706055,21.899999618530273,67.05000305175781,98.61000061035156,47.058466656902326,3331.39990234375,91.4100113082745,55.18528152820691,610.9860743719428,26.620833509108103,6212.68994140625,79.83999633789062,40588.171875,,4.216000080108643,17.389999389648438,69.3499984741211,100.01000213623047,47.45078551158911,3342.699951171875,91.42919098985732,55.63673411910144,617.9020886786027,26.65951156616211,6287.27978515625,79.83999633789062,41029.83984375,,4.4039998054504395,17.399999618530273,355819.0,0.0,27234300.0,229954.0,11870100.0,3036700.0,140103600.0,3105600.0,5827150000.0,0.0,148400000.0,,0.0,0.0
2025-08-04,66.29000091552734,98.77999877929688,47.7646369934082,3426.39990234375,91.86066436767578,56.402244567871094,622.7067260742188,26.64984130859375,6329.93994140625,87.94999694824219,40290.69921875,5242.31982421875,4.199999809265137,17.520000457763672,67.73999786376953,98.9800033569336,47.85290854475042,3439.5,91.89901642663925,56.63778342154384,622.7560435889075,26.669181259095556,6330.68994140625,87.94999694824219,40332.25,5242.31982421875,4.236000061035156,19.579999923706055,65.45999908447266,98.58999633789062,47.62732652274914,3397.89990234375,91.5922072698388,56.235401114682205,617.1917152069655,26.59182330144753,6271.7099609375,83.83000183105469,39850.51953125,5170.47998046875,4.197999954223633,17.479999542236328,66.8499984741211,98.6500015258789,47.80386962543357,3416.60009765625,91.82231230871231,56.48075627115448,617.280474690056,26.611163251949336,6271.7099609375,83.83000183105469,40118.80859375,5170.47998046875,4.223999977111816,19.559999465942383,277375.0,0.0,32920400.0,138229.0,8449500.0,2482500.0,73218000.0,935500.0,4842580000.0,0.0,130800000.0,22073200.0,0.0,0.0
2025-08-05,65.16000366210938,98.77999877929688,47.901947021484375,3434.699951171875,91.79351806640625,56.784996032714844,619.5496215820312,26.64984130859375,6299.18994140625,89.19999694824219,40549.5390625,5249.58984375,4.196000099182129,17.850000381469727,66.38999938964844,99.06999969482422,48.07849012253767,3444.89990234375,91.9085742031535,57.040163739265715,624.1274190145356,26.717529290990875,6346.0,89.19999694824219,40649.37890625,5270.4501953125,4.22599983215332,18.940000534057617,65.02999877929688,98.58999633789062,47.794059155126284,3403.300048828125,91.67846924456374,56.73592575189611,618.6320990296246,26.611163251949336,6289.3701171875,87.94999694824219,40421.87890625,5235.919921875,4.188000202178955,17.110000610351562,66.20999908447266,98.62000274658203,48.01964117504335,3428.89990234375,91.69764160990258,56.951835736263014,623.3184070376644,26.678851234346457,6336.6298828125,87.94999694824219,40521.0,5254.75,4.211999893188477,17.209999084472656,279030.0,0.0,18709100.0,154163.0,8218700.0,1337100.0,68051400.0,1073700.0,5517410000.0,0.0,145300000.0,18467000.0,0.0,0.0
2025-08-06,64.3499984741211,98.18000030517578,48.12752914428711,3433.39990234375,91.72640991210938,57.27570724487305,624.2952880859375,26.49512481689453,6345.06005859375,83.88999938964844,40794.859375,5263.2900390625,4.21999979019165,16.770000457763672,66.75,98.83999633789062,48.15695174738233,3440.5,91.77435180100012,57.31496496768507,624.946411865637,26.57248277285963,6352.830078125,89.19999694824219,40850.890625,5282.5400390625,4.281000137329102,17.8799991607666,63.63999938964844,98.12999725341797,47.86271449214105,3411.699951171875,91.33331421984514,56.81443836138797,619.7076143339553,26.46611673613209,6301.10986328125,83.88999938964844,40423.12890625,5252.669921875,4.214000225067139,16.559999465942383,65.1500015258789,98.75,47.96079607150794,3434.89990234375,91.65929565660547,57.049980954437636,620.6152614930611,26.562812797819095,6309.2998046875,89.19999694824219,40430.4609375,5260.4501953125,4.230000019073486,17.219999313354492,353827.0,0.0,17094000.0,151580.0,10107500.0,1643000.0,64357500.0,1137500.0,5408560000.0,0.0,145500000.0,18730400.0,0.0,0.0
2025-08-07,63.880001068115234,98.4000015258789,48.5296516418457,3453.699951171875,91.65930938720703,57.118682861328125,623.7723388671875,26.475786209106445,6340.0,80.1500015258789,41059.1484375,5332.06982421875,4.24399995803833,16.56999969482422,65.11000061035156,98.47000122070312,48.72581104854234,3483.800048828125,91.82230013000327,57.364038025041886,628.4388963678413,26.58215409558587,6389.7099609375,83.88999938964844,41164.109375,5353.8798828125,4.254000186920166,17.639999389648438,63.70000076293945,97.94999694824219,48.402147466278464,3430.0,91.59219512164938,56.942026843948405,620.674427785601,26.475786209106445,6310.31982421875,80.1500015258789,40668.19140625,5261.31982421875,4.2210001945495605,15.979999542236328,64.36000061035156,98.19000244140625,48.64734578929189,3431.800048828125,91.72642365276468,57.26589371326277,627.7088284528788,26.50479613569881,6374.31982421875,83.88999938964844,40668.19140625,5261.31982421875,4.236999988555908,16.40999984741211,300518.0,0.0,23378900.0,249091.0,5725900.0,1947600.0,74205800.0,1405500.0,5306090000.0,0.0,154000000.0,23970500.0,0.0,0.0
2025-08-08,63.880001068115234,98.18000030517578,48.490421295166016,3491.300048828125,91.44837951660156,57.108863830566406,628.63623046875,26.52413558959961,6389.4501953125,79.19999694824219,41820.48046875,5347.740234375,4.284999847412109,15.149999618530273,64.58000183105469,98.3499984741211,48.510037610902174,3534.10009765625,91.53467346916295,57.108863830566406,629.099959687417,26.543475540298683,6395.16015625,80.1500015258789,42033.921875,5366.9599609375,4.289000034332275,16.520000457763672,62.77000045776367,97.95999908447266,48.34330453928935,3445.0,91.40044493398439,56.82425469955738,625.2423540250035,26.485455688201462,6355.22021484375,79.19999694824219,41248.05078125,5326.52978515625,4.254000186920166,15.149999618530273,63.849998474121094,97.9800033569336,48.38253717076166,3487.89990234375,91.53467346916295,56.932207821624246,625.5580704635792,26.514465614250074,6355.22021484375,80.1500015258789,41283.69921875,5336.259765625,4.260000228881836,16.479999542236328,322939.0,0.0,16926700.0,321346.0,5623800.0,1274600.0,64051600.0,490900.0,4769910000.0,0.0,183300000.0,20322800.0,0.0,0.0
2025-08-11,63.959999084472656,98.5199966430664,48.353111267089844,3404.699951171875,91.47713470458984,56.7457389831543,627.39306640625,26.630502700805664,6373.4501953125,81.76000213623047,,5331.85009765625,4.2729997634887695,16.25,64.44000244140625,99.31999969482422,48.51003805297952,3466.300048828125,91.60177337774468,57.10886355810407,630.382466681372,26.649840806584,6407.25,81.76000213623047,,5371.25,4.284999847412109,16.360000610351562,63.02000045776367,98.02999877929688,48.28445603210247,3393.0,91.42919281458124,56.559270416303875,626.1499518449814,26.572482850393186,6364.06005859375,79.19999694824219,,5325.72998046875,4.257999897003174,15.520000457763672,63.47999954223633,98.23999786376953,48.45119284666445,3458.10009765625,91.51547943871026,56.95183641132937,628.9124554108,26.59182280053068,6389.669921875,79.19999694824219,,5360.25,4.269000053405762,15.8100004196167,234807.0,0.0,15176100.0,224513.0,4920200.0,2122100.0,58742300.0,1225200.0,4652400000.0,0.0,,15005800.0,0.0,0.0
2025-08-12,63.16999816894531,98.0999984741211,48.94158935546875,3399.0,91.45794677734375,57.638832092285156,634.0723266601562,26.49512481689453,6445.759765625,77.41999816894531,42718.171875,5335.97021484375,4.293000221252441,14.729999542236328,64.33999633789062,98.62000274658203,48.97101195852722,3410.800048828125,91.45794677734375,57.71734753827831,634.2301547632397,26.60149269798122,6446.5498046875,81.76000213623047,42999.7109375,5348.7001953125,4.317999839782715,16.559999465942383,63.060001373291016,97.9000015258789,48.519847918292136,3379.10009765625,91.25660402428912,56.97146577663343,628.2514142554742,26.437106811010494,6385.759765625,77.41999816894531,42083.578125,5312.18994140625,4.245999813079834,14.65999984741211,64.0,98.51000213623047,48.5590768085602,3393.60009765625,91.36207032087556,56.99109463813172,629.7313011159781,26.60149269798122,6395.169921875,81.76000213623047,42098.3203125,5340.18994140625,4.293000221252441,16.09000015258789,304441.0,0.0,22908400.0,193820.0,6724600.0,3443700.0,64730800.0,863100.0,5135300000.0,0.0,176100000.0,18406200.0,0.0,0.0
2025-08-13,62.650001525878906,97.83999633789062,49.53006362915039,3408.300048828125,91.78394317626953,59.43483352661133,636.2428588867188,26.42743682861328,6466.580078125,77.30999755859375,43274.671875,5388.25,4.23799991607666,14.489999771118164,63.380001068115234,98.12999725341797,49.61833517933477,3422.60009765625,91.87981964074872,59.45446238808233,637.5254154950222,26.42743682861328,6480.27978515625,77.41999816894531,43451.4609375,5394.85009765625,4.260000228881836,14.8100004196167,61.939998626708984,97.62999725341797,49.441792078966,3392.699951171875,91.69764923780451,59.04226378483638,634.0624705008762,26.369418822745395,6445.02001953125,77.30999755859375,43008.19921875,5342.22998046875,4.224999904632568,14.300000190734863,63.06999969482422,98.04000091552734,49.48102471047677,3399.60009765625,91.71682891964356,59.05207634366062,636.2625497647373,26.42743682861328,6462.669921875,77.41999816894531,43090.91015625,5342.22998046875,4.260000228881836,14.619999885559082,298939.0,0.0,28585500.0,135846.0,5925200.0,5343000.0,60092800.0,962300.0,5195950000.0,0.0,154100000.0,19215500.0,0.0,0.0
2025-08-14,63.959999084472656,98.25,48.921974182128906,3383.199951171875,91.4867172241211,58.1982421875,636.3020629882812,26.52413558959961,6468.5400390625,76.7699966430664,42649.26171875,5434.7001953125,4.293000221252441,14.829999923706055,64.0999984741211,98.31999969482422,49.04947462597968,3423.800048828125,91.65929778727218,58.52211279008234,636.9630622902898,26.562813646638546,6473.919921875,77.30999755859375,43199.828125,5438.3701171875,4.296000003814697,15.390000343322754,62.58000183105469,97.62999725341797,48.784663709409756,3375.5,91.41960296705709,58.051031340362854,633.7270741796365,26.495125663551,6441.06982421875,76.7699966430664,42606.73046875,5390.3701171875,4.203999996185303,14.569999694824219,62.790000915527344,97.75,48.91216415326053,3407.199951171875,91.63053557923124,58.38471450189198,634.1709920856589,26.504795638900536,6453.4599609375,77.30999755859375,43129.1796875,5391.830078125,4.208000183105469,14.65999984741211,251652.0,0.0,28016600.0,165697.0,5527500.0,3268200.0,59327500.0,657100.0,4462050000.0,0.0,127800000.0,18926500.0,0.0,0.0
2025-08-15,62.79999923706055,97.8499984741211,48.98081970214844,3382.60009765625,91.30455780029297,58.57118225097656,634.8123168945312,26.43710708618164,6449.7998046875,76.66000366210938,43378.30859375,5448.60986328125,4.328000068664551,15.09000015258789,64.1500015258789,98.20999908447266,49.118133917173516,3394.800048828125,91.50590057956786,58.73802195748985,637.4268079608856,26.456447036464002,6481.33984375,76.7699966430664,43405.4296875,5465.56982421875,4.331999778747559,15.180000305175781,62.68000030517578,97.7300033569336,48.92197449428178,3377.699951171875,91.24702606699607,58.4534128261541,633.9046697471923,26.408097160758096,6441.85009765625,76.66000366210938,42736.859375,5440.56982421875,4.281000137329102,14.399999618530273,63.90999984741211,98.18000030517578,49.06909125537823,3383.199951171875,91.44836884627097,58.59081111241739,637.328112699525,26.43710708618164,6477.3798828125,76.7699966430664,42866.37890625,5441.259765625,4.293000221252441,14.430000305175781,197390.0,0.0,24042600.0,118486.0,7428500.0,1732900.0,68592500.0,660600.0,4575060000.0,0.0,134500000.0,19688000.0,0.0,0.0
2025-08-18,63.41999816894531,98.16999816894531,49.26525115966797,3378.0,91.21826171875,58.924495697021484,634.674072265625,26.50479507446289,6449.14990234375,81.81999969482422,43714.30859375,5434.64013671875,4.341000080108643,14.989999771118164,63.790000915527344,98.19000244140625,49.275061188694806,3403.60009765625,91.3812524436401,59.05207768374445,635.3646981112688,26.533804999893718,6455.35009765625,81.81999969482422,43835.12109375,5451.66015625,4.35099983215332,15.949999809265137,62.18000030517578,97.77999877929688,49.13774697232796,3368.0,91.1319750931866,58.79690996647591,633.5690949992928,26.485455124175676,6437.7001953125,76.66000366210938,43390.21875,5412.22021484375,4.295000076293945,14.949999809265137,63.0,97.79000091552734,49.196595922199464,3382.39990234375,91.3716699174034,58.885237973188595,634.2399697526556,26.485455124175676,6445.02001953125,76.66000366210938,43452.8984375,5446.77978515625,4.297999858856201,15.729999542236328,95113.0,0.0,19212500.0,119141.0,9669600.0,2936400.0,43804900.0,646000.0,4162290000.0,0.0,124200000.0,15599400.0,0.0,0.0
2025-08-19,62.349998474121094,98.2699966430664,48.86312484741211,3358.699951171875,91.44837951660156,58.482852935791016,631.23095703125,26.57248306274414,6411.3701171875,82.1500015258789,43546.2890625,5483.27978515625,4.302000045776367,15.569999694824219,63.38999938964844,98.31999969482422,49.13774579068215,3389.699951171875,91.48673157163923,58.95393436834636,635.4732874420525,26.57248306274414,6456.47998046875,82.1500015258789,43876.421875,5489.4599609375,4.326000213623047,15.90999984741211,62.25,97.94000244140625,48.80427589895578,3358.10009765625,91.3429131939746,58.394524933197985,629.9187737835771,26.504795081081152,6400.22021484375,81.81999969482422,43411.96875,5438.97998046875,4.297999858856201,14.760000228881836,63.27000045776367,98.1500015258789,49.13774579068215,3378.300048828125,91.35250303646066,58.767465804571046,634.4965717210093,26.514465056227177,6446.240234375,81.81999969482422,43846.55078125,5438.97998046875,4.323999881744385,15.229999542236328,99484.0,0.0,17226800.0,133497.0,6499300.0,2821600.0,69750700.0,582100.0,4377440000.0,0.0,117100000.0,18466800.0,0.0,0.0
2025-08-20,63.209999084472656,98.22000122070312,48.794471740722656,3388.5,91.58259582519531,58.80672073364258,629.5537719726562,26.553142547607422,6395.77978515625,80.75,42888.55078125,5472.31982421875,4.296000003814697,15.6899995803833,63.54999923706055,98.44000244140625,48.843510662527855,3394.300048828125,91.66888976623618,58.885236178915925,631.0829764734092,26.562812522547745,6408.39990234375,82.1500015258789,43425.78125,5491.52001953125,4.309999942779541,17.190000534057617,62.38999938964844,98.08000183105469,48.50023446846157,3353.39990234375,91.4291949404307,58.4632250201279,624.4629872631401,26.51446449220527,6343.85986328125,80.75,42724.1484375,5450.830078125,4.275000095367432,15.569999694824219,62.599998474121094,98.29000091552734,48.7748554237146,3359.0,91.44836730793669,58.70858017087338,630.8265133126017,26.543474417026236,6406.6201171875,82.1500015258789,43400.66015625,5475.580078125,4.297999858856201,15.949999809265137,280663.0,0.0,20299200.0,135521.0,6270700.0,2115400.0,88890300.0,658600.0,4470390000.0,0.0,116700000.0,15401400.0,0.0,0.0
2025-08-21,63.52000045776367,98.62000274658203,48.68658447265625,3381.60009765625,91.31412506103516,58.88523864746094,627.028076171875,26.688520431518555,6370.169921875,80.5199966430664,42610.171875,5462.16015625,4.329999923706055,16.600000381469727,63.66999816894531,98.68000030517578,48.78466605891487,3394.39990234375,91.50588528179054,58.98337921434431,629.4156102095885,26.688520431518555,6393.64990234375,80.75,42926.109375,5470.60009765625,4.3470001220703125,17.239999771118164,62.52000045776367,98.18000030517578,48.58850662782758,3367.39990234375,91.18948640372251,58.580996900006234,625.3114169787772,26.591822526187862,6352.7099609375,80.5199966430664,42564.30078125,5439.27001953125,4.296000003814697,15.649999618530273,62.849998474121094,98.25,48.627739262331026,3392.199951171875,91.45794339787557,58.580996900006234,627.7483287539096,26.591822526187862,6380.830078125,80.75,42783.26171875,5469.919921875,4.315999984741211,15.720000267028809,250166.0,0.0,14428500.0,123500.0,5351300.0,1703700.0,54805800.0,1186400.0,4013560000.0,0.0,103100000.0,14607700.0,0.0,0.0
2025-08-22,63.65999984741211,97.72000122070312,49.657569885253906,3418.5,91.82229614257812,60.42606735229492,636.6571655273438,26.42743682861328,6466.91015625,78.0999984741211,42633.2890625,5488.22998046875,4.260000228881836,14.220000267028809,63.93000030517578,98.83000183105469,49.657569885253906,3423.39990234375,91.92776245743256,60.50458279903162,637.8312114652382,26.70786057163317,6478.89013671875,80.5199966430664,42720.5703125,5510.68994140625,4.320000171661377,16.829999923706055,63.310001373291016,97.55999755859375,48.93178113770415,3362.800048828125,91.43879025027766,59.55260359837324,628.70524285572,26.388758772821074,6384.58984375,78.0999984741211,42331.390625,5448.56005859375,4.242000102996826,14.210000038146973,63.5,98.5999984741211,48.97101377085383,3383.300048828125,91.4675524607096,59.63111530128737,629.2084140029245,26.698190596595328,6384.58984375,80.5199966430664,42629.80859375,5457.93994140625,4.315999984741211,16.809999465942383,223169.0,0.0,31264200.0,186037.0,10867700.0,2661100.0,84083200.0,1552700.0,5046860000.0,0.0,97800000.0,17438800.0,0.0,0.0
2025-08-25,64.80000305175781,98.43000030517578,49.373138427734375,3417.5,91.64012908935547,60.39662551879883,633.855224609375,26.64017105102539,6439.31982421875,77.55999755859375,42807.8203125,5443.9599609375,4.275000095367432,14.789999961853027,65.0999984741211,98.54000091552734,49.69679829450248,3421.5,91.76476776749173,61.00510525155833,636.6374190424261,26.659511001322244,6466.89013671875,78.0999984741211,43201.421875,5480.52978515625,4.295000076293945,15.1899995803833,63.529998779296875,97.70999908447266,49.36333214025707,3405.5,91.59218719743076,60.39662551879883,633.7368384817344,26.45644705628283,6438.06005859375,77.55999755859375,42681.37109375,5441.080078125,4.267000198364258,14.239999771118164,63.880001068115234,97.7300033569336,49.56929785014857,3417.60009765625,91.65930145718194,60.6714220928536,635.4041800322128,26.485455137368934,6457.669921875,78.0999984741211,42977.26953125,5480.52978515625,4.281000137329102,15.050000190734863,185270.0,0.0,23701400.0,97780.0,9936400.0,2747400.0,51274300.0,791300.0,4059070000.0,0.0,102200000.0,15040400.0,0.0,0.0
2025-08-26,63.25,98.2300033569336,49.245635986328125,3433.0,91.87980651855469,60.47513961791992,636.5092163085938,26.57248306274414,6465.93994140625,79.36000061035156,42394.3984375,5383.68017578125,4.257999897003174,14.619999885559082,64.76000213623047,98.55999755859375,49.392756493707516,3443.300048828125,91.90856872230012,60.88733823916081,636.8545593934813,26.601492988182212,6468.3701171875,79.36000061035156,42703.26953125,5413.31982421875,4.290999889373779,15.75,63.130001068115234,98.08999633789062,49.19659706434497,3396.10009765625,91.65928409833253,60.40644047168355,632.9673872646679,26.543474981665245,6429.2099609375,77.55999755859375,42137.62109375,5376.10986328125,4.254000186920166,14.619999885559082,64.75,98.47000122070312,49.324101254645115,3410.800048828125,91.7168158207277,60.60272535114004,633.5889446007113,26.582153037890166,6435.490234375,77.55999755859375,42619.66015625,5413.31982421875,4.2769999504089355,15.75,199101.0,0.0,25684000.0,176297.0,5871200.0,2084500.0,51581600.0,675500.0,4867680000.0,0.0,162600000.0,42983000.0,0.0,0.0
2025-08-27,64.1500015258789,98.2300033569336,48.95139694213867,3448.60009765625,92.05241394042969,58.90486526489258,637.95947265625,26.5821533203125,6481.39990234375,77.66000366210938,42520.26953125,5393.06982421875,4.23799991607666,14.850000381469727,64.2300033569336,98.7300033569336,48.97101325850828,3452.5,92.05241394042969,58.94412298767898,638.6895405097797,26.698191178938448,6487.06005859375,79.36000061035156,42628.0390625,5403.990234375,4.290999889373779,15.229999542236328,62.95000076293945,98.16000366210938,48.6375433630845,3422.199951171875,91.69766292251869,58.65951011321133,635.7790844255956,26.562813369814975,6457.83984375,77.66000366210938,42270.1796875,5365.97021484375,4.236000061035156,14.65999984741211,63.310001373291016,98.25,48.67677599582372,3443.0,91.75518734680992,58.88523640349938,635.9270971923372,26.698191178938448,6462.259765625,79.36000061035156,42476.08984375,5385.68994140625,4.2729997634887695,14.65999984741211,193476.0,0.0,31452900.0,153806.0,5222800.0,2162000.0,48341100.0,524000.0,4143680000.0,0.0,108400000.0,23057100.0,0.0,0.0
2025-08-28,64.5999984741211,97.80999755859375,49.13774490356445,3474.300048828125,92.26331329345703,59.32687759399414,640.2188110351562,26.485454559326172,6501.85986328125,77.55000305175781,42828.7890625,5396.72998046875,4.206999778747559,14.430000305175781,64.69999694824219,98.2300033569336,49.157361219362414,3478.699951171875,92.26331329345703,59.385760435511195,640.7712997557803,26.55314253952869,6508.22998046875,77.66000366210938,42828.7890625,5430.81005859375,4.25,14.6899995803833,63.349998474121094,97.73999786376953,48.88274028105029,3442.5,91.98526648485988,58.79690955740519,636.6868575289449,26.45644647887317,6466.9599609375,77.55000305175781,42299.7890625,5378.0498046875,4.203000068664551,14.119999885559082,63.869998931884766,98.12000274658203,48.90235659684825,3452.60009765625,92.0236185255185,58.914678984261876,638.5613448732837,26.533804434013067,6483.83984375,77.66000366210938,42308.140625,5398.5400390625,4.234000205993652,14.420000076293945,208931.0,0.0,21353800.0,156602.0,6544700.0,1882800.0,61519500.0,819400.0,4283760000.0,0.0,112700000.0,17621600.0,0.0,0.0
2025-08-29,64.01000213623047,97.7699966430664,48.90235900878906,3516.10009765625,92.18663024902344,60.170902252197266,636.400634765625,26.46611785888672,6460.259765625,79.38999938964844,42718.46875,5351.72998046875,4.2270002365112305,15.359999656677246,64.55000305175781,98.12999725341797,48.941591642320006,3518.5,92.26333434784448,60.30830054613326,639.1532627231435,26.5628139246758,6491.759765625,79.38999938964844,42807.03125,5395.22998046875,4.242000102996826,15.970000267028809,63.880001068115234,97.69000244140625,48.69639329489642,3463.0,92.07157410079189,59.729262204672494,634.5162720889837,26.46611785888672,6444.56982421875,77.55000305175781,42611.30859375,5351.64013671875,4.215000152587891,14.3100004196167,64.26000213623047,97.87000274658203,48.85332008759032,3477.199951171875,92.15786804069192,59.77833248910353,638.7881685836082,26.553143949225046,6489.27978515625,77.55000305175781,42774.2890625,5384.93017578125,4.228000164031982,14.3100004196167,0.0,0.0,24867400.0,0.0,6818900.0,4727100.0,74522200.0,661500.0,4234840000.0,0.0,114900000.0,20497300.0,0.0,0.0
2025-09-01,,,,,,,,,,,42188.7890625,5367.080078125,,,,,,,,,,,,,42454.98828125,5377.740234375,,,,,,,,,,,,,41835.171875,5351.43994140625,,,,,,,,,,,,,42362.7109375,5351.43994140625,,,,,,,,,,,,,96600000.0,11151300.0,,
2025-09-02,65.58999633789062,98.4000015258789,48.86312484741211,3592.199951171875,91.9115219116211,60.49476623535156,631.6847534179688,26.64017105102539,6415.5400390625,85.27999877929688,42310.48828125,5291.0400390625,4.2769999504089355,17.170000076293945,66.02999877929688,98.5999984741211,48.87293487620303,3602.39990234375,91.98846998680543,60.52420765583956,631.9017745733,26.659511001322244,6416.5400390625,85.27999877929688,42473.671875,5368.759765625,4.306000232696533,19.3799991607666,63.65999984741211,97.62000274658203,48.40215077141188,3506.0,91.79608879053626,59.601673623597804,626.406454480519,26.553143119048737,6360.580078125,79.38999938964844,42084.78125,5290.4599609375,4.260000228881836,16.549999237060547,63.95000076293945,97.6500015258789,48.46099971986821,3517.89990234375,91.82494523608942,59.75870077257135,628.9518765829083,26.659511001322244,6401.509765625,79.38999938964844,42299.62890625,5367.56005859375,4.297999858856201,16.649999618530273,320218.0,0.0,24343900.0,374141.0,8623200.0,3852200.0,81983500.0,931700.0,4784000000.0,0.0,99800000.0,21324200.0,0.0,0.0
2025-09-03,63.970001220703125,98.13999938964844,49.04947280883789,3635.5,92.22894287109375,60.190528869628906,635.1082153320312,26.59182357788086,6448.259765625,89.66999816894531,41938.890625,5325.009765625,4.210999965667725,16.350000381469727,65.72000122070312,98.63999938964844,49.10832175557867,3640.10009765625,92.363611165626,60.28866943483034,635.5719445130327,26.6498415856302,6453.669921875,89.66999816894531,42293.5390625,5342.4501953125,4.2829999923706055,17.56999969482422,63.720001220703125,98.01000213623047,48.921972369710645,3592.39990234375,91.92112857803839,59.87647082457464,631.8722274787872,26.553143676475155,6416.169921875,85.27999877929688,41863.19921875,5304.97998046875,4.203000068664551,16.34000015258789,65.62000274658203,98.4000015258789,49.010243919107005,3600.0,91.92112857803839,60.033497975190485,634.05255551225,26.620833503935135,6445.81982421875,85.27999877929688,42085.66015625,5311.89013671875,4.269000053405762,17.399999618530273,298737.0,0.0,29035600.0,220786.0,7586100.0,2140600.0,70820900.0,577200.0,4465360000.0,0.0,130200000.0,19576300.0,0.0,0.0
2025-09-04,63.47999954223633,98.3499984741211,48.892547607421875,3606.699951171875,92.64257049560547,59.179664611816406,640.4161376953125,26.630502700805664,6502.080078125,88.26000213623047,42580.26953125,5346.7099609375,4.176000118255615,15.300000190734863,63.84000015258789,98.44000244140625,48.892547607421875,3621.60009765625,92.64257049560547,59.26799262031645,640.4457643382553,26.678850731790238,6502.5400390625,89.66999816894531,42608.80078125,5351.5400390625,4.206999778747559,16.350000381469727,62.720001220703125,98.08000183105469,48.57869403084302,3573.699951171875,92.34437745850136,58.787098597011635,634.8813749728572,26.620832725736918,6445.97998046875,88.26000213623047,42066.58984375,5313.22021484375,4.173999786376953,15.279999732971191,63.81999969482422,98.1500015258789,48.73562081913244,3619.800048828125,92.4598105723183,59.199293474130045,635.7791465574808,26.620832725736918,6456.60009765625,89.66999816894531,42093.69921875,5327.0498046875,4.190000057220459,16.219999313354492,251689.0,0.0,14791900.0,232579.0,6395300.0,6878800.0,65219200.0,906000.0,4670770000.0,0.0,110300000.0,19402400.0,0.0,0.0
2025-09-05,61.869998931884766,97.7699966430664,49.48102569580078,3653.300048828125,93.09468078613281,60.21015548706055,638.5612182617188,26.49512481689453,6481.5,85.29000091552734,43018.75,5318.14990234375,4.085999965667725,15.180000305175781,63.4900016784668,98.26000213623047,49.647758770897205,3655.5,93.32553969085268,60.406440366174195,643.4646073746923,26.514464766975593,6532.64990234375,88.26000213623047,43220.94140625,5372.259765625,4.138000011444092,16.920000076293945,61.45000076293945,97.43000030517578,49.216211039974326,3595.39990234375,93.09468078613281,59.91573004030142,634.7036735299132,26.408096885888902,6443.97998046875,85.29000091552734,42783.5390625,5301.18017578125,4.063000202178955,14.739999771118164,63.33000183105469,98.23999786376953,49.559487218955056,3602.0,93.21973516946328,60.36718264158693,642.7443549194211,26.475784866813466,6529.080078125,88.26000213623047,42983.46875,5356.7900390625,4.138000011444092,15.229999542236328,294540.0,0.0,24805800.0,237651.0,9566300.0,3564200.0,85178900.0,1127400.0,5066120000.0,0.0,118300000.0,20122800.0,0.0,0.0
2025-09-08,62.2599983215332,97.44999694824219,49.93218994140625,3677.39990234375,93.38325500488281,61.14250183105469,640.1300048828125,26.408098220825195,6495.14990234375,84.0,43643.80859375,5362.81005859375,4.046000003814697,15.109999656677246,63.34000015258789,97.94000244140625,49.94199622880337,3685.699951171875,93.39286892703882,61.15231813346681,641.1264716601992,26.475786205171406,6508.669921875,85.29000091552734,43838.6015625,5368.35986328125,4.0879998207092285,15.649999618530273,61.849998474121094,97.41999816894531,49.65756899712974,3621.699951171875,93.22934418392427,60.681236700890615,638.5514227841185,26.408098220825195,6483.2900390625,84.0,43343.578125,5324.66015625,4.044000148773193,14.989999771118164,62.0,97.79000091552734,49.73603052059599,3635.0,93.32553477758742,60.887334125676,639.922799046398,26.4274381718839,6498.08984375,85.29000091552734,43451.0703125,5324.66015625,4.072000026702881,15.579999923706055,237288.0,0.0,23345100.0,227640.0,7599600.0,1910200.0,63133100.0,513600.0,5211500000.0,0.0,115500000.0,16843100.0,0.0,0.0
2025-09-09,62.630001068115234,97.79000091552734,50.206809997558594,3682.199951171875,93.16201782226562,61.8000602722168,641.60986328125,26.51446533203125,6512.60986328125,82.19999694824219,43459.2890625,5368.81982421875,4.073999881744385,15.039999961853027,63.66999816894531,97.81999969482422,50.30489157694361,3715.199951171875,93.44097570441832,61.976716290848465,642.1327252974712,26.52413530727786,6518.22998046875,84.0,44185.73046875,5387.83984375,4.091000080108643,15.819999694824219,62.369998931884766,97.25,50.118538446826925,3663.699951171875,93.07544848239367,61.42711937245853,638.5415189260096,26.3887593425437,6483.080078125,82.19999694824219,43452.73828125,5348.14990234375,4.039999961853027,14.970000267028809,62.43000030517578,97.37999725341797,50.12834847548027,3676.60009765625,93.33516384088203,61.57433396925916,640.2680535026645,26.427437399170948,6503.330078125,84.0,43907.55078125,5364.72021484375,4.065000057220459,15.020000457763672,268529.0,0.0,23818600.0,262656.0,8223100.0,6756300.0,66133900.0,385200.0,4798350000.0,0.0,117500000.0,20398700.0,0.0,0.0
2025-09-10,63.66999816894531,97.77999877929688,50.55009078979492,3682.0,93.4121322631836,61.378047943115234,643.4647216796875,26.53380584716797,6532.0400390625,79.58000183105469,43837.671875,5361.47021484375,4.0320000648498535,15.350000381469727,64.08000183105469,97.93000030517578,50.75605649793034,3697.5,93.52756540462332,61.91782854827665,645.7733115580726,26.54347582262036,6555.97021484375,82.19999694824219,43848.76953125,5413.06005859375,4.091000080108643,15.630000114440918,62.720001220703125,97.5999984741211,50.51085815736062,3651.39990234375,93.26784267110231,61.368231640139534,641.9058905935132,26.466117863360477,6516.33984375,79.58000183105469,43509.01953125,5354.56005859375,4.026000022888184,14.630000114440918,62.7400016784668,97.83000183105469,50.60893599701661,3662.0,93.35441936190048,61.91782854827665,644.855788891868,26.5047959208108,6550.2900390625,82.19999694824219,43513.16015625,5387.4599609375,4.0879998207092285,14.979999542236328,260684.0,0.0,27152000.0,182028.0,8864500.0,2548100.0,78034500.0,465200.0,5253010000.0,0.0,115700000.0,21572900.0,0.0,0.0
2025-09-11,62.369998931884766,97.54000091552734,51.28568649291992,3673.60009765625,93.55640411376953,63.01701736450195,648.8119506835938,26.44677734375,6587.47021484375,75.06999969482422,44372.5,5386.77001953125,4.011000156402588,14.710000038146973,63.79999923706055,98.08999633789062,51.315109096921695,3687.5,93.74878530748016,63.046458785196855,649.5025765403432,26.504795350857496,6592.89013671875,79.58000183105469,44396.94921875,5403.93017578125,4.064000129699707,15.239999771118164,62.209999084472656,97.47000122070312,50.873751329746085,3651.0,93.52754766860015,62.07485446403948,644.8261440671411,26.44677734375,6545.7998046875,75.06999969482422,43870.5390625,5354.60986328125,3.996000051498413,14.649999618530273,63.79999923706055,97.79000091552734,50.89336764622387,3680.60009765625,93.53716159107519,62.09448332577694,645.4081991313436,26.504795350857496,6554.41015625,79.58000183105469,43876.21875,5362.85986328125,4.051000118255615,15.1899995803833,222661.0,0.0,38948300.0,214612.0,8554300.0,3177800.0,69934400.0,926000.0,5426460000.0,0.0,107300000.0,20909000.0,0.0,0.0
2025-09-12,62.689998626708984,97.55000305175781,51.25625991821289,3686.39990234375,93.28707122802734,62.76184844970703,648.5948486328125,26.485454559326172,6584.2900390625,73.37000274658203,44768.12109375,5390.7099609375,4.060999870300293,14.760000228881836,63.97999954223633,97.86000061035156,51.34453147125316,3695.5,93.34478412066814,62.94831701691419,650.2720655980789,26.543474408950445,6600.2099609375,75.06999969482422,44888.01953125,5397.2001953125,4.083000183105469,14.970000267028809,61.689998626708984,97.48999786376953,51.187604681562654,3667.300048828125,93.15239558041146,62.59500500003958,648.091737738302,26.47578458438879,6579.490234375,73.37000274658203,44548.5703125,5359.31005859375,4.051000118255615,14.40999984741211,62.27000045776367,97.5199966430664,51.324918896292914,3672.800048828125,93.33516285893721,62.89924299159744,648.7823033562848,26.543474408950445,6590.66015625,75.06999969482422,44803.30078125,5387.14990234375,4.052999973297119,14.619999885559082,313265.0,0.0,17773100.0,154559.0,36502700.0,1622700.0,72780100.0,1069900.0,4641640000.0,0.0,124900000.0,19173800.0,0.0,0.0
2025-09-15,63.29999923706055,97.30000305175781,51.62895965576172,3719.0,93.44095611572266,63.23292922973633,652.0479736328125,26.398427963256836,6615.27978515625,76.87999725341797,,5440.39990234375,4.033999919891357,15.6899995803833,63.66999816894531,97.69999694824219,51.65838225804133,3724.89990234375,93.51791151650224,63.39976893383672,652.1762353081463,26.45644781581306,6619.6201171875,76.87999725341797,,5446.169921875,4.059000015258789,15.84000015258789,62.52000045776367,97.2699966430664,51.48184290293409,3662.800048828125,93.40247841533287,63.10534724794984,650.499078415473,26.398427963256836,6602.06982421875,73.37000274658203,,5402.89990234375,4.03000020980835,14.920000076293945,62.970001220703125,97.62999725341797,51.5701144512025,3680.199951171875,93.45057737553785,63.37032751401252,650.7950437367242,26.437107864960986,6603.490234375,73.37000274658203,,5402.89990234375,4.059000015258789,15.140000343322754,205560.0,0.0,22076400.0,189452.0,4990100.0,1672800.0,63772400.0,586800.0,5045020000.0,0.0,,19628900.0,0.0,0.0
2025-09-16,64.5199966430664,96.62999725341797,52.011470794677734,3725.10009765625,93.4986801147461,63.65494155883789,651.1502075195312,26.234041213989258,6606.759765625,77.08999633789062,44902.26953125,5372.31005859375,4.026000022888184,16.360000610351562,64.76000213623047,97.38999938964844,52.0507034271047,3739.89990234375,93.58525678563564,63.72364070224278,652.9063688014267,26.321069145625557,6626.990234375,77.08999633789062,45055.37890625,5446.18994140625,4.064000129699707,16.3799991607666,62.88999938964844,96.55999755859375,51.75646616676194,3711.800048828125,93.41211078272836,62.94831751944751,650.3708221309846,26.21470310812721,6600.10986328125,76.87999725341797,44616.3203125,5370.580078125,4.021999835968018,15.4399995803833,63.310001373291016,97.33999633789062,51.86435403522123,3720.300048828125,93.45058848769352,63.04645808321949,652.6004677140577,26.31139917051495,6624.1298828125,76.87999725341797,44948.8515625,5439.919921875,4.040999889373779,15.600000381469727,234250.0,0.0,28614400.0,192295.0,5847700.0,1967200.0,61169000.0,874700.0,5359510000.0,0.0,111700000.0,22788000.0,0.0,0.0
2025-09-17,64.05000305175781,96.87000274658203,52.23705291748047,3717.800048828125,93.29667663574219,64.57747650146484,650.3412475585938,26.321069717407227,6600.35009765625,75.94999694824219,44790.37890625,5369.7001953125,4.076000213623047,15.720000267028809,64.66999816894531,97.06999969482422,52.63917804704072,3744.0,93.80649337786494,64.72468359684999,652.8471677889224,26.330739692727896,6624.39013671875,77.08999633789062,45033.33984375,5393.919921875,4.080999851226807,16.75,63.689998626708984,96.22000122070312,51.97224200167352,3679.5,93.18125086099545,64.16527417145225,645.5266771850337,26.118005768750745,6551.14990234375,75.94999694824219,44612.0703125,5361.10986328125,3.992000102996826,15.260000228881836,64.58999633789062,96.62000274658203,52.22724663007012,3727.300048828125,93.59487701120533,64.5087773610702,651.1601352003632,26.272721685163074,6604.8701171875,77.08999633789062,44751.83984375,5381.68994140625,4.02400016784668,16.420000076293945,165427.0,0.0,53353400.0,256047.0,10701700.0,2566800.0,101952200.0,1662000.0,5805340000.0,0.0,104600000.0,22502500.0,0.0,0.0
2025-09-18,63.56999969482422,97.3499984741211,52.109554290771484,3678.300048828125,92.98886108398438,63.54698181152344,653.3798828125,26.44677734375,6631.9599609375,71.91000366210938,45303.4296875,5456.669921875,4.104000091552734,15.699999809265137,64.55000305175781,97.5999984741211,52.138976895458114,3707.300048828125,93.1235293786202,63.70401269655574,655.9746224265324,26.504795350857496,6656.7998046875,75.94999694824219,45508.671875,5463.14990234375,4.13700008392334,15.800000190734863,63.33000183105469,96.83999633789062,51.776084385746735,3660.5,92.83495760677413,63.25255264591023,651.4165760040546,26.417767418016656,6611.89013671875,71.91000366210938,44815.3984375,5389.0,4.061999797821045,14.329999923706055,63.9900016784668,96.93000030517578,51.89377854592315,3692.5,92.96962590140996,63.50772409026536,653.0148488941834,26.427437393261105,6626.85009765625,75.94999694824219,44910.5,5389.0,4.064000129699707,14.930000305175781,82321.0,0.0,30544400.0,224128.0,7589200.0,2748900.0,90459200.0,1542100.0,5292400000.0,0.0,113700000.0,22972600.0,0.0,0.0
2025-09-19,62.68000030517578,97.63999938964844,51.99185562133789,3705.800048828125,92.95039367675781,63.24274826049805,656.6160278320312,26.52413558959961,6664.35986328125,72.51000213623047,45045.80859375,5458.419921875,4.138999938964844,15.449999809265137,63.650001525878906,97.80999755859375,52.09974349216874,3719.60009765625,93.01772783153483,63.81196653949321,657.4569312262267,26.533805564949148,6671.81982421875,72.51000213623047,45852.75,5494.1298828125,4.14300012588501,16.1299991607666,62.599998474121094,97.2699966430664,51.893777779544294,3664.39990234375,92.82534662899263,63.24274826049805,653.3215535907623,26.475785712851923,6630.31005859375,71.91000366210938,44495.4609375,5452.85986328125,4.116000175476074,15.289999961853027,63.59000015258789,97.33999633789062,52.05070457127195,3677.699951171875,92.94077975384143,63.69420085511605,655.2606553211801,26.514465614250074,6647.10986328125,71.91000366210938,45634.2890625,5459.25,4.13100004196167,15.760000228881836,87165.0,0.0,37385100.0,186954.0,5528800.0,4182600.0,97945600.0,715300.0,9125960000.0,0.0,208600000.0,69929600.0,0.0,0.0
2025-09-22,62.63999938964844,97.33000183105469,52.24686050415039,3775.10009765625,92.79649353027344,63.23292922973633,659.7225341796875,26.42743682861328,6693.75,75.80000305175781,45493.66015625,5442.0498046875,4.14300012588501,16.100000381469727,63.18000030517578,97.81999969482422,52.25666679110237,3783.300048828125,92.97926081649284,63.46846807597482,660.1676828141602,26.504794784556843,6698.8798828125,75.80000305175781,45757.73828125,5462.64990234375,4.150000095367432,16.350000381469727,61.97999954223633,97.30999755859375,51.962429543958336,3718.10009765625,92.78687226813749,63.09553094546013,655.1023357778903,26.42743682861328,6648.06982421875,72.51000213623047,45193.76953125,5426.580078125,4.122000217437744,15.779999732971191,62.7400016784668,97.6500015258789,52.03108477691096,3721.300048828125,92.950397030085,63.22311292724662,655.1320445581616,26.456446753726798,6654.27978515625,72.51000213623047,45193.76953125,5462.64990234375,4.13100004196167,16.139999389648438,223779.0,0.0,18357700.0,219170.0,5282700.0,3235500.0,69452200.0,805500.0,5642620000.0,0.0,116600000.0,16025300.0,0.0,0.0
2025-09-23,63.40999984741211,97.26000213623047,52.276283264160156,3815.699951171875,93.05620574951172,62.477237701416016,656.1312866210938,26.408098220825195,6656.919921875,75.66000366210938,,5472.39013671875,4.119999885559082,16.639999389648438,63.88999938964844,97.45999908447266,52.50186527903218,3824.60009765625,93.06582701132226,62.97776057980318,660.2172101260659,26.466118074001304,6699.52001953125,75.80000305175781,,5495.02001953125,4.14900016784668,17.06999969482422,61.849998474121094,97.19999694824219,52.22724434639313,3772.39990234375,92.81572557635585,62.46742514231231,654.914373896894,26.398428245295843,6645.580078125,75.66000366210938,,5445.830078125,4.110000133514404,15.949999809265137,62.33000183105469,97.31999969482422,52.29589957955289,3781.199951171875,92.93115870146475,62.7814794471479,659.6037721086419,26.4467781229426,6692.43994140625,75.80000305175781,,5445.830078125,4.135000228881836,16.100000381469727,265948.0,0.0,21298600.0,291564.0,7077500.0,3823100.0,81708900.0,886000.0,5633620000.0,0.0,,16867200.0,0.0,0.0
2025-09-24,64.98999786376953,97.87000274658203,52.0997428894043,3768.10009765625,92.80609893798828,63.38014602661133,654.043701171875,26.60149383544922,6637.97021484375,75.12999725341797,45630.30859375,5464.56005859375,4.146999835968018,16.18000030517578,65.05000305175781,97.91999816894531,52.32532491606358,3812.60009765625,92.95038115101562,63.80215719664544,657.5162467217733,26.611163810903232,6672.66015625,75.66000366210938,45693.28125,5481.93017578125,4.1519999504089355,17.209999084472656,63.25,97.22000122070312,52.03108765265711,3749.699951171875,92.7676212348905,63.340888302928484,652.6289715744526,26.56281393363316,6621.759765625,75.12999725341797,45205.46875,5450.1201171875,4.126999855041504,16.18000030517578,63.63999938964844,97.23999786376953,52.23705336289866,3796.89990234375,92.94076722939478,63.46847028916384,657.4173382288552,26.58215388454119,6669.7900390625,75.66000366210938,45484.41015625,5472.08984375,4.129000186920166,16.56999969482422,282721.0,0.0,24947100.0,236560.0,5419700.0,3733400.0,68082200.0,802100.0,5459180000.0,0.0,131700000.0,19178300.0,0.0,0.0
2025-09-25,64.9800033569336,98.55000305175781,51.79569625854492,3771.10009765625,92.6041030883789,63.55680465698242,651.0263061523438,26.785219192504883,6604.72021484375,75.44000244140625,45754.9296875,5444.89013671875,4.171999931335449,16.739999771118164,65.33999633789062,98.61000061035156,51.96242932603644,3792.300048828125,92.65220205920241,63.71382807053572,652.3717757310584,26.804557298701464,6619.0,75.44000244140625,45824.69140625,5463.5498046875,4.201000213623047,17.739999771118164,64.05999755859375,97.73999786376953,51.62895944962383,3751.89990234375,92.4405783297751,63.23293403899405,647.4251431178142,26.67885130880728,6569.22021484375,75.12999725341797,45503.30859375,5415.31005859375,4.150000095367432,16.31999969482422,64.80000305175781,97.81999969482422,51.76626991495321,3768.300048828125,92.59448916531225,63.51754693168273,650.91749472694,26.67885130880728,6608.18994140625,75.12999725341797,45600.0703125,5463.5498046875,4.1539998054504395,16.549999237060547,258353.0,0.0,27611900.0,262183.0,6517500.0,2747600.0,89622100.0,1273600.0,5874670000.0,0.0,127200000.0,17378500.0,0.0,0.0
2025-09-26,65.72000122070312,98.1500015258789,51.69761657714844,3809.0,92.55599975585938,63.124977111816406,654.756103515625,26.688520431518555,6643.7001953125,74.37999725341797,45354.98828125,5499.7001953125,4.186999797821045,15.289999961853027,66.41999816894531,98.52999877929688,51.69761657714844,3814.39990234375,92.75800219781112,63.203492562347996,655.3002210405111,26.746538436973314,6648.97021484375,75.44000244140625,45766.76953125,5503.68994140625,4.197000026702881,17.049999237060547,64.66000366210938,98.12999725341797,51.34453037254296,3764.0,92.46942308709626,62.68333706213309,650.8581544995363,26.678850456549572,6604.43017578125,74.37999725341797,45354.98828125,5448.89013671875,4.1519999504089355,15.289999961853027,65.19999694824219,98.5,51.432801923694335,3781.5,92.58485619915653,62.90906336667729,652.4707616041429,26.746538436973314,6615.3798828125,75.44000244140625,45634.19921875,5448.89013671875,4.164000034332275,16.889999389648438,284990.0,0.0,22608400.0,214083.0,7295300.0,3090800.0,69179200.0,605500.0,5103110000.0,0.0,147500000.0,18660700.0,0.0,0.0
2025-09-29,63.45000076293945,97.91000366210938,52.16839599609375,3855.199951171875,92.8253402709961,64.31249237060547,656.5962524414062,26.630502700805664,6661.2099609375,75.51000213623047,45043.75,5506.85009765625,4.140999794006348,16.1200008392334,65.4000015258789,98.18000030517578,52.36455541083205,3863.699951171875,92.87343923777337,64.53822240896278,658.1792111877495,26.649840806584,6677.31005859375,75.51000213623047,45152.69921875,5520.89013671875,4.168000221252441,16.290000915527344,62.97999954223633,97.7699966430664,52.099740762149786,3785.5,92.66181552614847,64.1456526613582,654.7956708332731,26.59182280053068,6644.490234375,74.37999725341797,44890.19921875,5496.33984375,4.135000228881836,15.739999771118164,65.06999969482422,98.16999816894531,52.21743865585056,3788.800048828125,92.67142944840637,64.34193379133791,657.2689872647139,26.601492775599425,6661.580078125,74.37999725341797,45113.2890625,5514.490234375,4.150000095367432,15.84000015258789,294292.0,0.0,26754400.0,258145.0,6357500.0,1442600.0,73499000.0,748800.0,5358760000.0,0.0,130500000.0,16086000.0,0.0,0.0
2025-09-30,62.369998931884766,97.7699966430664,52.374366760253906,3873.199951171875,92.78687286376953,64.62654876708984,659.0695190429688,26.60149383544922,6688.4599609375,77.93000030517578,44932.62890625,5529.9599609375,4.1479997634887695,16.280000686645508,63.2599983215332,98.05000305175781,52.41359565104722,3899.199951171875,93.07545201871869,65.05837625222418,659.5345338964465,26.630503761811262,6691.25,77.93000030517578,45126.23046875,5529.9599609375,4.1519999504089355,16.700000762939453,62.029998779296875,97.62999725341797,52.1782073405684,3820.60009765625,92.74839515385145,64.45970905243172,654.5482897020846,26.55314395817914,6641.0,75.51000213623047,44733.6015625,5484.22021484375,4.105999946594238,16.020000457763672,63.13999938964844,97.91000366210938,52.315517811919335,3863.10009765625,92.90230599352375,64.91116165614244,655.8542079251938,26.62083378635725,6656.18994140625,75.51000213623047,45054.9609375,5503.259765625,4.132999897003174,16.489999771118164,271649.0,0.0,25165300.0,312257.0,9257800.0,2685200.0,86288000.0,1106800.0,6057210000.0,0.0,160600000.0,17427000.0,0.0,0.0
2025-10-01,61.779998779296875,97.70999908447266,52.78629684448242,3897.5,93.0994873046875,65.01911926269531,661.3153076171875,26.59182357788086,6711.2001953125,73.5,44550.8515625,5581.2099609375,4.105999946594238,16.290000915527344,62.88999938964844,97.87999725341797,52.81571944719361,3922.699951171875,93.2345673304705,65.09763471317952,662.2254710850941,26.620833503935135,6718.47998046875,77.93000030517578,44874.421875,5590.490234375,4.129000186920166,17.280000686645508,61.400001525878906,97.45999908447266,52.560714827027496,3880.300048828125,92.95475660240307,64.66580722316186,655.9828233173913,26.514465619428663,6656.2001953125,73.5,44357.6484375,5503.990234375,4.089000225067139,15.979999542236328,62.459999084472656,97.81999969482422,52.560714827027496,3887.699951171875,93.167027317579,64.67562352638376,656.0916347397471,26.52413559478009,6664.919921875,77.93000030517578,44831.94921875,5513.14990234375,4.107999801635742,17.280000686645508,274339.0,0.0,29971300.0,290470.0,8347000.0,2313000.0,72545400.0,1273400.0,6037950000.0,0.0,136700000.0,20868500.0,0.0,0.0
2025-10-02,60.47999954223633,97.8499984741211,53.031494140625,3868.10009765625,93.19598388671875,65.745361328125,662.0770263671875,26.630502700805664,6715.35009765625,71.20999908447266,44936.73046875,5645.81005859375,4.0879998207092285,16.6299991607666,62.540000915527344,98.12999725341797,53.30611507103876,3923.300048828125,93.25388059181141,66.11830593364306,663.4126533220159,26.69819068192773,6731.93994140625,73.5,45125.9609375,5674.5498046875,4.126999855041504,16.920000076293945,60.400001525878906,97.5199966430664,52.86476107328224,3842.800048828125,93.0030144999039,65.54908021085366,659.6631277666079,26.572482850393186,6693.22998046875,71.20999908447266,44659.21875,5617.169921875,4.083000183105469,15.930000305175781,61.779998779296875,97.69999694824219,53.30611507103876,3892.699951171875,93.0609038436863,65.94164993304099,663.2939389771905,26.572482850393186,6731.31005859375,73.5,44736.03125,5617.169921875,4.105999946594238,16.1200008392334,290507.0,0.0,27872000.0,284217.0,9420600.0,3956200.0,56896000.0,949500.0,5416130000.0,0.0,131100000.0,18133500.0,0.0,0.0
2025-10-03,60.880001068115234,97.72000122070312,53.18842315673828,3908.89990234375,93.01264953613281,65.31354522705078,662.0671997070312,26.5821533203125,6715.7900390625,69.52999877929688,45769.5,5651.7099609375,4.11899995803833,16.649999618530273,61.380001068115234,97.94999694824219,53.345349943775055,3916.800048828125,93.24421423363154,65.64722464363294,665.5001336306916,26.620833221307546,6750.8701171875,71.20999908447266,45778.66015625,5667.919921875,4.11899995803833,17.059999465942383,60.54999923706055,97.5999984741211,53.02169008238722,3861.10009765625,92.993348183911,65.13688921602343,661.0283585893458,26.562813369814975,6705.669921875,69.52999877929688,45042.5390625,5641.35009765625,4.080999851226807,16.200000762939453,60.70000076293945,97.8499984741211,53.286504737029844,3880.39990234375,93.20561889049691,65.6275995258055,662.838842966907,26.601493270810025,6722.14013671875,71.20999908447266,45042.5390625,5658.06005859375,4.083000183105469,16.350000381469727,240044.0,0.0,21836000.0,218284.0,5154300.0,1543000.0,70494400.0,707700.0,5713110000.0,0.0,117600000.0,13976800.0,0.0,0.0
2025-10-06,61.689998626708984,98.11000061035156,53.43362045288086,3976.300048828125,92.74247741699219,65.40187072753906,664.4415283203125,26.707860946655273,6740.27978515625,72.98999786376953,47944.76171875,5628.72021484375,4.1620001792907715,16.3700008392334,62.119998931884766,98.5,53.50227568703069,3994.5,92.95474073462454,65.58834304483472,665.3319462864663,26.756208978164207,6749.52001953125,72.98999786376953,48150.0390625,5655.169921875,4.165999889373779,17.09000015258789,61.040000915527344,97.95999908447266,53.257077353229974,3909.199951171875,92.73282674213816,65.03874239586997,662.314512664693,26.67885102113441,6717.77978515625,69.52999877929688,46592.98828125,5605.52001953125,4.132999897003174,16.290000915527344,61.13999938964844,97.95999908447266,53.306116271704184,3913.5,92.79071606864625,65.13689044980153,664.451431246289,26.746539002990584,6733.85986328125,69.52999877929688,46636.0703125,5655.169921875,4.1620001792907715,16.739999771118164,224682.0,0.0,17890500.0,278143.0,6319600.0,2179900.0,54623300.0,967700.0,5604460000.0,0.0,178300000.0,16208100.0,0.0,0.0
2025-10-07,61.72999954223633,98.58000183105469,53.021690368652344,4004.39990234375,92.97404479980469,64.58729553222656,661.9781494140625,26.862577438354492,6714.58984375,75.43000030517578,47950.87890625,5613.6201171875,4.126999855041504,17.239999771118164,62.11000061035156,98.66000366210938,53.63958749139145,4014.60009765625,93.0994741313383,65.5294585299428,665.8068381763353,26.862577438354492,6754.490234375,75.43000030517578,48527.328125,5643.60986328125,4.171000003814697,17.549999237060547,60.720001220703125,98.08999633789062,52.9824577363239,3963.39990234375,92.80036945389988,64.46952983729074,660.5436138980969,26.77554950427967,6699.9599609375,72.98999786376953,47904.37890625,5610.5,4.11299991607666,16.190000534057617,61.72999954223633,98.08999633789062,53.62978120402422,3983.0,92.85825878209873,65.46075937868159,665.3616291701808,26.804557586065133,6746.14013671875,72.98999786376953,48281.12109375,5629.64013671875,4.164000034332275,16.579999923706055,245121.0,0.0,18605600.0,297512.0,5119900.0,3126000.0,72020100.0,891000.0,5546150000.0,0.0,154200000.0,13579900.0,0.0,0.0
2025-10-08,62.54999923706055,98.8499984741211,53.44343185424805,4070.5,92.99333953857422,64.90133666992188,665.925537109375,26.920595169067383,6753.72021484375,74.87000274658203,47734.98828125,5649.72998046875,4.129000186920166,16.299999237060547,62.91999816894531,99.05999755859375,53.44343185424805,4081.0,93.16701488587938,64.95041069126533,666.0245059882836,26.978613176400078,6755.64013671875,75.43000030517578,48181.12109375,5657.33984375,4.136000156402588,17.200000762939453,62.04999923706055,98.58999633789062,53.08053561707183,4005.60009765625,92.93545020990861,64.44007531245754,662.2749199573431,26.891585243221435,6718.08984375,74.87000274658203,47728.26953125,5594.08984375,4.0960001945495605,16.229999542236328,62.04999923706055,98.61000061035156,53.090345645876454,4007.10009765625,93.14772089676029,64.75412958118028,663.0960778489103,26.9109251937854,6723.8701171875,75.43000030517578,47925.21875,5594.08984375,4.104000091552734,17.170000076293945,273318.0,0.0,15391200.0,348778.0,5141900.0,1898700.0,60702200.0,937200.0,5383130000.0,0.0,142200000.0,18527600.0,0.0,0.0
2025-10-09,61.5099983215332,99.54000091552734,52.89418411254883,3972.60009765625,92.92579650878906,63.91011428833008,663.996337890625,27.104320526123047,6735.10986328125,74.12000274658203,48580.44140625,5625.56005859375,4.1479997634887695,16.43000030517578,62.869998931884766,99.55999755859375,53.482658608707204,4077.89990234375,92.97404252197828,64.93079264471741,666.7466945063586,27.133328607091176,6764.580078125,74.87000274658203,48597.078125,5665.02978515625,4.1519999504089355,17.270000457763672,61.25,98.69999694824219,52.766679933190325,3957.89990234375,92.84861319351764,63.723641972095834,662.0671995495462,26.959272743845737,6716.169921875,74.12000274658203,47995.21875,5625.56005859375,4.126999855041504,16.260000228881836,62.310001373291016,98.83999633789062,53.472852321724055,4061.800048828125,92.90650252029823,64.90134373611842,666.3410972158545,26.959272743845737,6760.5,74.87000274658203,48035.421875,5651.02978515625,4.132999897003174,16.309999465942383,259171.0,0.0,24685200.0,461023.0,7130600.0,1800900.0,66501900.0,2422400.0,5385020000.0,0.0,138500000.0,16282500.0,0.0,0.0
2025-10-10,58.900001525878906,98.9800033569336,50.942405700683594,4000.39990234375,93.50472259521484,60.249412536621094,646.0499877929688,26.968942642211914,6552.509765625,81.6500015258789,48088.80078125,5531.31982421875,4.051000118255615,21.65999984741211,61.66999816894531,99.43000030517578,53.00207399867884,4038.60009765625,93.61085057770536,63.79234164873964,666.7565834688588,27.084980498831733,6762.39990234375,81.6500015258789,48510.71875,5648.58984375,4.105000019073486,22.440000534057617,58.220001220703125,98.80999755859375,50.824711545247496,3961.199951171875,93.17666588857062,59.866659085740274,645.8719162752307,26.93026458624475,6550.77978515625,74.12000274658203,47962.609375,5529.6298828125,4.044000148773193,16.229999542236328,61.4900016784668,99.38999938964844,52.92360873410161,3990.10009765625,93.25385656793495,63.38014677665957,664.9560020556908,27.084980498831733,6740.490234375,74.12000274658203,48510.71875,5628.830078125,4.0980000495910645,16.360000610351562,339103.0,0.0,67908200.0,357542.0,10417700.0,16704800.0,159422600.0,1210600.0,6596610000.0,0.0,150700000.0,19991400.0,0.0,0.0
2025-10-13,59.4900016784668,99.2699966430664,52.423404693603516,4133.0,93.55297088623047,62.123924255371094,655.9630126953125,27.065641403198242,6654.72021484375,,,5568.18994140625,4.051000118255615,19.030000686645508,60.16999816894531,99.3499984741211,52.61956410959878,4137.2001953125,93.58191555364675,62.53612286095402,658.030731623523,27.07531137858513,6668.68017578125,,,5591.2900390625,4.051000118255615,20.770000457763672,59.0,98.83000183105469,52.178206358966854,4011.300048828125,93.37929552042367,61.986525968117625,652.7279561413051,27.026963346009914,6620.7099609375,,,5540.5400390625,4.051000118255615,18.610000610351562,59.0,98.94000244140625,52.413594665017435,4018.300048828125,93.4950815513979,62.39872457370056,653.5985682812151,27.036631477037584,6622.52978515625,,,5540.5400390625,4.051000118255615,19.450000762939453,339103.0,0.0,34717200.0,357542.0,5607600.0,3781600.0,79560500.0,580700.0,5303960000.0,,,13913600.0,0.0,0.0
2025-10-14,58.70000076293945,99.05000305175781,51.9526252746582,4163.39990234375,93.794189453125,61.41730499267578,655.1616821289062,26.988283157348633,6644.31005859375,79.94999694824219,46847.3203125,5552.0498046875,4.021999835968018,20.809999465942383,59.81999969482422,99.4800033569336,52.34494037227648,4190.89990234375,93.82313412152571,61.9963395719111,658.7232938317348,27.07531109054555,6680.7001953125,81.6500015258789,47865.6484375,5553.22021484375,4.051000118255615,22.940000534057617,57.68000030517578,98.98999786376953,51.52107380341943,4105.0,93.57227542117997,60.86770809057624,646.1983862715207,26.97861318206462,6555.06982421875,79.94999694824219,46544.05078125,5487.669921875,4.014999866485596,19.18000030517578,59.58000183105469,99.30000305175781,51.59953906780093,4130.89990234375,93.64945874981208,60.94621979440611,650.1556923521978,27.055971139977526,6602.490234375,81.6500015258789,47446.73046875,5552.490234375,4.019000053405762,21.459999084472656,259200.0,0.0,36062800.0,405991.0,7650600.0,9046100.0,88779600.0,805500.0,5666920000.0,0.0,170300000.0,19976600.0,0.0,0.0
2025-10-15,58.27000045776367,98.79000091552734,52.80591583251953,4201.60009765625,93.68804168701172,62.074851989746094,658.0703125,26.910924911499023,6671.06005859375,75.11000061035156,47672.671875,5605.02978515625,4.046000003814697,20.639999389648438,59.41999816894531,99.08000183105469,53.002075257190576,4235.7998046875,93.90996305087549,62.44779286024726,663.076302337462,26.96894291822313,6724.1201171875,79.94999694824219,47774.828125,5639.9501953125,4.046999931335449,22.440000534057617,58.20000076293945,98.66000366210938,52.48225222059784,4157.2998046875,93.61085100729316,61.73135628258872,651.8969246006144,26.88191498595738,6612.10986328125,75.11000061035156,46910.828125,5566.97021484375,4.000999927520752,19.110000610351562,58.599998474121094,99.05000305175781,52.81572212010966,4160.10009765625,93.79417703129765,62.21225027260905,659.70272543157,26.96894291822313,6688.27001953125,79.94999694824219,47002.30078125,5566.97021484375,4.02400016784668,20.020000457763672,224919.0,0.0,31145700.0,309914.0,7769300.0,2824200.0,81702600.0,1133500.0,5633060000.0,0.0,118400000.0,17119800.0,0.0,0.0
2025-10-16,57.459999084472656,98.38999938964844,53.14918899536133,4304.60009765625,94.12223052978516,62.22207260131836,653.588623046875,26.80455780029297,6629.06982421875,81.2300033569336,48277.73828125,5652.009765625,3.9760000705718994,25.309999465942383,59.11000061035156,98.69999694824219,53.531701535347814,4346.7001953125,94.16081850702017,62.62445493031235,661.572494532197,26.891585735063337,6709.33984375,81.2300033569336,48317.33984375,5652.10986328125,4.051000118255615,25.43000030517578,57.2599983215332,98.30000305175781,53.0118785283337,4214.5,93.59155382645213,62.05522913895253,650.0962717870328,26.794887824834124,6593.990234375,75.11000061035156,47937.71875,5585.9501953125,3.9709999561309814,19.850000381469727,58.77000045776367,98.66999816894531,53.29630949085072,4225.10009765625,93.61084781506963,62.359470897488585,659.702653099313,26.872247628504883,6689.02001953125,75.11000061035156,48107.44140625,5604.33984375,4.019000053405762,20.489999771118164,203866.0,0.0,29782000.0,375196.0,11627200.0,2644800.0,110563300.0,868100.0,6048180000.0,0.0,121100000.0,19328400.0,0.0,0.0
2025-10-17,57.540000915527344,98.43000030517578,53.139381408691406,4213.2998046875,93.96784973144531,62.13374328613281,657.2986450195312,26.833566665649414,6664.009765625,78.62000274658203,47582.1484375,5607.39013671875,4.006999969482422,20.780000686645508,57.720001220703125,98.55000305175781,53.23745924233255,4392.0,94.0546910840081,62.27114157941892,658.6540174880462,26.881914696672684,6678.8798828125,81.2300033569336,48140.8984375,5640.56005859375,4.017000198364258,28.989999771118164,56.599998474121094,98.02999877929688,52.766678906281925,4196.0,93.852063715131,61.20139291106218,651.1153544209424,26.823896690572926,6603.759765625,78.62000274658203,47494.30859375,5555.25,3.990000009536743,20.729999542236328,57.5,98.26000213623047,52.796105249517886,4348.10009765625,94.03538973396829,61.24065063595041,652.4608239631079,26.833566665649414,6613.27001953125,81.2300033569336,47820.96875,5618.47998046875,3.994999885559082,28.40999984741211,108748.0,0.0,24373600.0,569847.0,12491000.0,2798600.0,96500900.0,670700.0,5358120000.0,0.0,124800000.0,29083500.0,0.0,0.0
2025-10-20,57.52000045776367,98.58999633789062,53.865169525146484,4359.39990234375,94.09327697753906,62.92869186401367,664.1348876953125,26.901254653930664,6735.1298828125,77.22000122070312,49185.5,5680.93017578125,3.9860000610351562,18.229999542236328,57.810001373291016,98.66999816894531,53.973057393354885,4398.0,94.10292765234523,63.056273847062535,665.0352086527322,26.901254653930664,6744.35009765625,78.62000274658203,49185.5,5688.169921875,4.005000114440918,21.020000457763672,56.349998474121094,98.38999938964844,53.512087058414124,4229.7001953125,93.94855366198665,61.98652523826998,660.1479331778372,26.843236647815583,6690.0498046875,77.22000122070312,48254.828125,5626.25,3.9860000610351562,18.229999542236328,57.72999954223633,98.66999816894531,53.512087058414124,4269.0,94.02573697651194,62.1042946625545,660.197387427611,26.862576597973664,6690.0498046875,78.62000274658203,48332.7109375,5626.25,4.005000114440918,20.530000686645508,108146.0,0.0,29450600.0,338235.0,10437800.0,2049000.0,60493400.0,714500.0,4672170000.0,0.0,121000000.0,18044000.0,0.0,0.0
2025-10-21,57.81999969482422,98.93000030517578,53.26689147949219,4109.10009765625,94.2669677734375,62.26132583618164,664.1249389648438,27.00762367248535,6735.35009765625,77.18000030517578,49316.05859375,5686.830078125,3.9630000591278076,17.8700008392334,58.279998779296875,98.9800033569336,53.54151243721751,4393.60009765625,94.33450778553843,62.57538015046628,665.8068060270512,27.00762367248535,6752.16015625,77.22000122070312,49945.94921875,5699.1298828125,3.9760000705718994,18.889999389648438,56.9900016784668,98.51000213623047,53.26689147949219,4093.0,94.19942776133657,62.1926266889208,662.8289237149189,26.94960566392766,6722.02978515625,77.18000030517578,49127.19921875,5670.64990234375,3.947000026702881,17.399999618530273,57.369998931884766,98.61000061035156,53.54151243721751,4371.0,94.25732445835824,62.57538015046628,664.2733620876278,26.988283721513042,6736.75,77.22000122070312,49675.4296875,5686.77001953125,3.9760000705718994,18.649999618530273,314207.0,0.0,27091800.0,535325.0,7642000.0,2064600.0,56249000.0,1433400.0,5245020000.0,0.0,124500000.0,14789500.0,0.0,0.0
2025-10-22,58.5,98.9000015258789,53.21784591674805,4065.39990234375,94.2862548828125,61.85894012451172,660.6722412109375,26.978612899780273,6699.39990234375,75.48999786376953,49307.7890625,5639.2099609375,3.953000068664551,18.600000381469727,59.83000183105469,99.13999938964844,53.63958735966877,4175.0,94.33449353484927,62.379095595917,664.8274246920023,27.036630906518095,6741.75,77.18000030517578,49458.28125,5685.2998046875,3.9779999256134033,21.010000228881836,57.34000015258789,98.79000091552734,52.97264757744203,4021.199951171875,94.13187352915537,61.378046120020414,656.2202718491607,26.949604818590952,6655.68994140625,75.48999786376953,48613.69921875,5635.89990234375,3.947000026702881,17.729999542236328,57.59000015258789,98.97000122070312,53.3845827330196,4137.0,94.21871488091453,62.06504129883053,664.8274246920023,27.036630906518095,6741.33984375,77.18000030517578,49252.03125,5672.240234375,3.9509999752044678,17.84000015258789,378637.0,0.0,23595100.0,468711.0,6523500.0,2384300.0,80564000.0,1081100.0,5710010000.0,0.0,141100000.0,18004600.0,0.0,0.0
2025-10-23,61.790000915527344,98.94000244140625,53.688629150390625,4145.60009765625,93.9775161743164,62.91887664794922,664.5899658203125,26.988283157348633,6738.43994140625,74.05000305175781,48641.609375,5668.330078125,3.990999937057495,17.299999237060547,62.20000076293945,99.13999938964844,53.80632330374938,4171.5,94.1511915472736,63.20348952672232,665.5298380529869,27.026963058484686,6749.52978515625,75.48999786376953,48866.578125,5673.10986328125,4.005000114440918,19.350000381469727,59.63999938964844,98.91000366210938,53.414004470647285,4079.60009765625,93.95821482103815,62.45760775778748,660.6722112216523,26.988283157348633,6700.14013671875,74.05000305175781,48399.05078125,5639.81982421875,3.9779999256134033,17.079999923706055,59.939998626708984,98.91999816894531,53.43362078644535,4114.7998046875,94.09329484874826,62.53612320454801,660.988802941274,27.026963058484686,6703.64990234375,75.48999786376953,48866.578125,5651.89990234375,3.989000082015991,18.360000610351562,735186.0,0.0,19655800.0,271973.0,6138300.0,1829200.0,65604500.0,501300.0,5565750000.0,0.0,107600000.0,16245700.0,0.0,0.0
2025-10-24,61.5,98.94999694824219,54.04171371459961,4137.7998046875,94.06433868408203,63.31144332885742,670.0213623046875,26.988283157348633,6791.68994140625,68.94000244140625,49299.6484375,5674.5,3.996999979019165,16.3700008392334,62.59000015258789,99.0999984741211,54.149601584974825,4159.0,94.11258470007186,63.52735705317278,671.2283116328227,27.036631189409498,6807.10986328125,74.05000305175781,49435.30859375,5694.77978515625,4.015999794006348,17.219999313354492,61.209999084472656,98.7300033569336,53.95344216078624,4055.699951171875,93.90996468326988,63.282001909658916,668.4384640813665,26.97861318206462,6772.06982421875,68.94000244140625,48965.78125,5650.419921875,3.9639999866485596,16.020000457763672,61.790000915527344,98.94000244140625,54.12017898084697,4144.0,94.09328334915253,63.49790814632952,669.2398161192735,26.988283157348633,6772.06982421875,74.05000305175781,49095.26953125,5685.52001953125,4.01200008392334,17.020000457763672,373744.0,0.0,19506300.0,297599.0,7555200.0,1324200.0,74356500.0,691800.0,5058220000.0,0.0,109100000.0,15672600.0,0.0,0.0
2025-10-27,61.310001373291016,98.77999877929688,54.63999938964844,4019.699951171875,94.06433868408203,64.37137603759766,677.9260864257812,26.959272384643555,6875.16015625,66.87000274658203,50512.3203125,5711.06005859375,3.996999979019165,15.789999961853027,62.16999816894531,99.0,54.66942573580655,4123.7998046875,94.06433868408203,64.49896551260137,678.2228723013301,27.00762225954484,6877.27978515625,68.94000244140625,50549.6015625,5712.77978515625,4.0329999923706055,16.06999969482422,60.66999816894531,98.7300033569336,54.43403367369116,3985.89990234375,93.79417866167938,64.2732354713492,674.8393925526769,26.959272384643555,6843.93994140625,66.87000274658203,49838.98046875,5684.66015625,3.994999885559082,15.619999885559082,61.81999969482422,98.83999633789062,54.64980941884444,4103.2001953125,93.91960799742104,64.48914920968295,675.4428672302427,26.968942359623814,6845.4599609375,68.94000244140625,49905.80078125,5691.89013671875,4.019999980926514,15.729999542236328,272191.0,0.0,24016300.0,330749.0,7272300.0,1747400.0,63339800.0,818000.0,5290650000.0,0.0,122100000.0,17232900.0,0.0,0.0
2025-10-28,60.150001525878906,98.69000244140625,54.62038040161133,3983.10009765625,94.15119171142578,63.91011428833008,679.7266235351562,26.9399356842041,6890.89013671875,67.30000305175781,50219.1796875,5704.35009765625,3.9830000400543213,16.420000076293945,61.5,98.94999694824219,54.698845665622606,4034.199951171875,94.1994303720867,63.99843855119143,681.5568533012904,27.0076236682373,6911.2998046875,67.30000305175781,50485.80078125,5712.169921875,4.004000186920166,16.549999237060547,59.7599983215332,98.56999969482422,54.267297937849726,3901.300048828125,94.00646100682421,63.54698595872793,677.520444889974,26.920595733234833,6870.72998046875,66.87000274658203,50107.76953125,5686.580078125,3.9700000286102295,15.65999984741211,61.5,98.75,54.31633685714191,3999.89990234375,94.00646100682421,63.69420055114205,679.7167206093349,26.988283717268033,6897.740234375,66.87000274658203,50357.1484375,5696.0498046875,3.9830000400543213,15.949999809265137,307568.0,0.0,25911500.0,338428.0,5539600.0,2830200.0,61738100.0,1573900.0,5695930000.0,0.0,119500000.0,15811100.0,0.0,0.0
2025-10-29,60.47999954223633,99.22000122070312,54.934234619140625,4000.699951171875,93.5433120727539,64.27323913574219,680.0531616210938,27.094650268554688,6890.58984375,65.75,51307.6484375,5705.81005859375,4.058000087738037,16.920000076293945,61.02000045776367,99.36000061035156,55.22847562120447,4046.199951171875,94.1029334651515,64.61673488101805,682.338503435176,27.1333283242287,6920.33984375,67.30000305175781,51412.96875,5734.27978515625,4.058000087738037,17.579999923706055,59.70000076293945,98.62000274658203,54.67922999097236,3930.0,93.49507341835937,63.8904856641997,675.5813864900747,26.930264382132055,6851.91015625,65.75,50365.62109375,5691.81982421875,3.9830000400543213,16.260000228881836,60.18000030517578,98.73999786376953,55.14020406887126,3967.199951171875,94.1029334651515,64.38119601106398,681.3689223981395,26.988282387822647,6910.9501953125,67.30000305175781,50453.640625,5701.240234375,3.994999885559082,16.34000015258789,276875.0,0.0,32924600.0,288266.0,11223300.0,3591600.0,85657100.0,1968800.0,6280130000.0,0.0,129700000.0,22067900.0,0.0,0.0
2025-10-30,60.56999969482422,99.52999877929688,54.36537551879883,4015.89990234375,93.4082260131836,63.18385696411133,672.5738525390625,27.201017379760742,6822.33984375,66.87999725341797,51325.609375,5699.18017578125,4.0929999351501465,16.90999984741211,60.790000915527344,99.72000122070312,54.590957539617655,4041.5,93.55295668961129,63.507727566484604,678.6186229721906,27.201017379760742,6880.75,66.87999725341797,51657.28125,5716.02001953125,4.116000175476074,17.40999984741211,59.63999938964844,98.91999816894531,54.25748765200946,3925.10009765625,93.25385202328658,63.026833558128764,672.5738525390625,27.152669347167993,6820.68994140625,65.75,50972.55859375,5667.10009765625,4.067999839782715,15.729999542236328,60.38999938964844,99.13999938964844,54.38499183470869,3942.800048828125,93.27314601153321,63.17404814899344,676.600418646911,27.19134924872957,6860.5,65.75,51146.26953125,5702.77001953125,4.098999977111816,16.260000228881836,247917.0,0.0,22532800.0,246321.0,8958800.0,2722900.0,76335800.0,1519100.0,6052700000.0,0.0,230900000.0,20450600.0,0.0,0.0
2025-10-31,60.97999954223633,99.80000305175781,54.23787307739258,3996.5,93.44683074951172,62.38890838623047,674.7799682617188,27.27837562561035,6840.2001953125,66.61000061035156,52411.33984375,5662.0400390625,4.10099983215332,17.440000534057617,61.380001068115234,99.83999633789062,54.32614463110603,4059.89990234375,93.54331542306493,62.555751838076795,677.7677533403644,27.27837562561035,6879.169921875,66.87999725341797,52411.33984375,5697.58984375,4.103000164031982,18.540000915527344,59.9900016784668,99.41999816894531,53.97305841625223,3982.300048828125,93.38894141764155,61.917826938853125,671.9900605416568,27.230027592508776,6814.259765625,66.61000061035156,51613.03125,5654.2998046875,4.076000213623047,15.960000038146973,60.29999923706055,99.48999786376953,54.27710571047185,4038.199951171875,93.4661321010076,62.25151009872323,677.7281416384325,27.230027592508776,6879.169921875,66.87999725341797,51629.80078125,5695.85009765625,4.10099983215332,16.43000030517578,278598.0,0.0,29316400.0,237172.0,9739900.0,2778100.0,87164100.0,972400.0,6398280000.0,0.0,180300000.0,25985900.0,0.0,0.0
2025-11-03,61.04999923706055,99.87000274658203,54.581153869628906,4014.0,93.40231323242188,62.36928176879883,676.04638671875,27.297714233398438,6851.97021484375,67.2300033569336,,5679.25,4.105999946594238,17.170000076293945,61.5,99.98999786376953,54.659615395600994,4043.10009765625,93.46038484652503,62.44779721809816,678.4800912258883,27.346064108480174,6882.31982421875,67.2300033569336,,5705.77001953125,4.122000217437744,18.829999923706055,60.5099983215332,99.70999908447266,54.3065291751519,3971.300048828125,93.27648894036902,62.03559859692206,672.6826525168186,27.249366202675848,6820.6201171875,66.61000061035156,,5656.14990234375,4.0970001220703125,17.0,61.400001525878906,99.75,54.62038276190001,4001.0,93.32487949062563,62.41835205269957,678.3514739521635,27.32672415844748,6882.31982421875,66.61000061035156,,5664.18017578125,4.105999946594238,18.059999465942383,0.0,0.0,18735900.0,0.0,8012500.0,1593900.0,57315000.0,852300.0,6065720000.0,0.0,,16717700.0,0.0,0.0
2025-11-04,60.560001373291016,100.22000122070312,53.58074188232422,3960.5,93.5184555053711,61.56451416015625,668.0328369140625,27.384742736816406,6771.5498046875,68.0199966430664,51497.19921875,5660.2001953125,4.089000225067139,19.0,61.029998779296875,100.26000213623047,54.012289610410036,4018.0,93.56684605131235,62.01596674036244,672.7024895383894,27.413752662472064,6820.2099609375,68.0199966430664,52636.87109375,5660.60986328125,4.10099983215332,20.479999542236328,59.939998626708984,99.73999786376953,53.56112556630717,3937.10009765625,93.45070283346342,61.42711587433893,667.3799079726423,27.346064680301385,6766.7099609375,67.2300033569336,51497.19921875,5577.2099609375,4.078999996185303,17.899999618530273,61.029998779296875,99.9800033569336,53.67881972097972,4013.699951171875,93.47005757494244,61.49581501724759,668.8935461650569,27.375072761597856,6788.52001953125,67.2300033569336,52294.30859375,5646.2001953125,4.0970001220703125,19.729999542236328,219300.0,0.0,25655800.0,250259.0,6119000.0,1944900.0,78427000.0,1204600.0,5739510000.0,0.0,190100000.0,18464500.0,0.0,0.0
2025-11-05,59.599998474121094,100.19999694824219,54.06132888793945,3992.89990234375,93.07322692871094,62.18281173706055,670.3478393554688,27.394412994384766,6796.2900390625,72.41999816894531,50212.26953125,5669.1298828125,4.1570000648498535,18.010000228881836,61.09000015258789,100.36000061035156,54.1888330721802,4000.699951171875,93.37327343473775,62.339838888161296,673.5927987432043,27.442761026616655,6829.77978515625,72.41999816894531,51422.421875,5681.60986328125,4.160999774932861,20.020000457763672,59.52000045776367,100.05999755859375,53.56112592119457,3935.699951171875,93.04418373841256,61.7313591456237,666.9742023136038,27.384743019066548,6763.10986328125,68.0199966430664,49073.578125,5605.47021484375,4.0929999351501465,17.309999465942383,60.43000030517578,100.18000030517578,53.590548524700225,3939.5,93.35391130787218,61.82949971112819,667.7755543304748,27.413752945021205,6769.77001953125,68.0199966430664,51291.390625,5619.2099609375,4.0970001220703125,19.3700008392334,292518.0,0.0,22362000.0,175161.0,11749200.0,1609400.0,74402400.0,1340000.0,5939600000.0,0.0,219700000.0,16592500.0,0.0,0.0
2025-11-06,59.43000030517578,99.7300033569336,53.659202575683594,3991.0,93.54749298095703,62.78147888183594,663.1554565429688,27.249366760253906,6720.31982421875,72.44000244140625,50883.6796875,5611.18017578125,4.0929999351501465,19.5,60.5099983215332,100.11000061035156,54.15940927281346,4028.699951171875,93.61524565407504,63.331072038438144,670.150002278421,27.326724717608442,6796.68017578125,72.44000244140625,51248.28125,5672.3701171875,4.131999969482422,20.309999465942383,58.83000183105469,99.66999816894531,53.472853188546196,3973.199951171875,93.41198763472102,62.57537770428752,661.5824008089137,27.249366760253906,6707.509765625,72.41999816894531,50594.19140625,5606.56982421875,4.077000141143799,17.639999389648438,59.68000030517578,100.11000061035156,54.012288775674165,3992.39990234375,93.42166131338963,63.056275460137044,669.2496813312496,27.30738476718001,6787.58984375,72.41999816894531,50792.55078125,5665.58984375,4.131999969482422,18.360000610351562,277768.0,0.0,24880700.0,188688.0,7665000.0,3534900.0,85035300.0,1293800.0,6051900000.0,0.0,171300000.0,18667000.0,0.0,0.0
2025-11-07,59.75,99.5999984741211,53.50227737426758,4009.800048828125,93.5862045288086,62.428165435791016,663.808349609375,27.230026245117188,6728.7998046875,74.41000366210938,50276.37109375,5566.52978515625,4.0929999351501465,19.079999923706055,60.459999084472656,99.87000274658203,53.50227737426758,4035.800048828125,93.75074567067152,62.428165435791016,663.9172214121945,27.24936619514454,6730.10986328125,74.41000366210938,50642.7890625,5633.75,4.111999988555908,22.719999313354492,59.31999969482422,99.4000015258789,52.766682349667846,3981.60009765625,93.45069919027593,61.662658560041415,654.1525740278607,27.18167821440796,6631.43994140625,72.44000244140625,49640.55859375,5554.52978515625,4.065999984741211,19.079999923706055,59.650001525878906,99.76000213623047,53.168807480125174,3986.89990234375,93.4603728683946,61.996337972488156,660.781013040124,27.22035627010351,6696.18017578125,72.44000244140625,50524.30859375,5617.81982421875,4.086999893188477,19.520000457763672,259446.0,0.0,32432300.0,208649.0,11460300.0,2008400.0,100592400.0,1150600.0,5926070000.0,0.0,146700000.0,16857200.0,0.0,0.0
2025-11-10,60.130001068115234,99.62000274658203,54.4438362121582,4122.0,93.46037292480469,63.49790954589844,674.1666259765625,27.249366760253906,6832.43017578125,78.86000061035156,50911.76171875,5664.4599609375,4.110000133514404,17.600000381469727,60.47999954223633,99.73999786376953,54.48306884338064,4124.0,93.5474877193352,63.56660868809074,674.8987178962867,27.288044816751583,6841.31982421875,78.86000061035156,50969.5,5677.490234375,4.138000011444092,18.81999969482422,59.40999984741211,99.45999908447266,54.041711095702276,4004.199951171875,93.41198238072074,63.05627327289721,667.8250699305912,27.230026809825475,6770.56005859375,74.41000366210938,50392.44140625,5608.669921875,4.0980000495910645,17.600000381469727,59.869998931884766,99.62999725341797,54.21825419477362,4007.199951171875,93.47005398741634,63.30162842181898,670.011442763763,27.23969678503969,6785.35986328125,74.41000366210938,50645.26953125,5608.669921875,4.136000156402588,18.579999923706055,222879.0,0.0,27712200.0,253812.0,9097300.0,1666300.0,75842900.0,997900.0,5366050000.0,0.0,129700000.0,23607400.0,0.0,0.0
2025-11-11,61.040000915527344,99.45999908447266,54.502685546875,4116.2998046875,93.7507553100586,63.33106994628906,675.7099609375,27.2106876373291,6846.60986328125,,50842.9296875,5725.7001953125,4.119999885559082,17.280000686645508,61.279998779296875,99.73999786376953,54.63018972854053,4155.0,93.77979111637431,63.694198262845354,676.2738842563608,27.220357612819775,6855.1298828125,,51513.16015625,5730.990234375,4.119999885559082,18.010000228881836,59.65999984741211,99.29000091552734,54.30652613079641,4102.7998046875,93.62493102119456,63.301628526392996,671.485517700804,27.16233960423498,6806.8701171875,,50581.171875,5670.93994140625,4.119999885559082,17.25,60.06999969482422,99.66000366210938,54.44383659962252,4124.0,93.70235737654049,63.52735855833771,672.6925273614432,27.17200957972565,6815.64013671875,,51314.0390625,5670.93994140625,4.119999885559082,17.899999618530273,264427.0,0.0,22791800.0,252249.0,4937700.0,1396700.0,58953400.0,1383900.0,4983490000.0,,125900000.0,19400800.0,0.0,0.0
2025-11-12,58.4900016784668,99.4800033569336,54.51249313354492,4213.60009765625,93.77010345458984,63.38014602661133,676.0859985351562,27.220355987548828,6850.919921875,81.12000274658203,51063.30859375,5787.31005859375,4.065000057220459,17.510000228881836,61.060001373291016,99.70999908447266,54.59095465160382,4218.5,93.837856126055,63.60586857823121,677.6491514285055,27.288043967582787,6869.91015625,81.12000274658203,51072.26171875,5804.66015625,4.091000080108643,18.059999465942383,58.29999923706055,99.41999816894531,54.355562614568115,4104.39990234375,93.67331497885209,63.08571684281257,673.6819422079296,27.20101603772223,6829.6201171875,78.86000061035156,50537.5,5734.68017578125,4.056000232696533,17.100000381469727,61.04999923706055,99.45999908447266,54.59095465160382,4132.2001953125,93.70235078312467,63.566610854548365,677.4809224347684,27.278373992669486,6867.77001953125,78.86000061035156,50988.53125,5734.68017578125,4.074999809265137,17.209999084472656,329517.0,0.0,24137600.0,296796.0,7188200.0,2076300.0,62312500.0,1043900.0,5293610000.0,0.0,150400000.0,25359300.0,0.0,0.0
2025-11-13,58.689998626708984,99.18000030517578,53.87498092651367,4194.5,93.49909210205078,63.26237487792969,664.8670043945312,27.14299964904785,6737.490234375,79.0999984741211,51281.828125,5742.7900390625,4.111999988555908,20.0,59.209999084472656,99.58999633789062,54.65961488606967,4250.0,93.69267643663332,64.1554712730632,673.5928719621189,27.18167955100455,6828.0498046875,81.12000274658203,51338.890625,5818.06982421875,4.117000102996826,21.309999465942383,58.119998931884766,98.98999786376953,53.76709305555662,4148.5,93.49909210205078,62.83054739125894,663.3632690735044,27.094651615961222,6724.72021484375,79.0999984741211,50954.26953125,5740.97021484375,4.0879998207092285,17.510000228881836,58.470001220703125,99.5199966430664,54.630192281783145,4202.39990234375,93.54749003181824,64.12602236362576,673.2367288900627,27.172009575515375,6826.47021484375,81.12000274658203,51013.1484375,5795.919921875,4.104000091552734,17.610000610351562,247349.0,0.0,29877500.0,319216.0,46965300.0,3934200.0,103457800.0,1014100.0,5473720000.0,0.0,135700000.0,19286400.0,0.0,0.0
2025-11-14,60.09000015258789,99.2699966430664,53.90440368652344,4094.199951171875,93.34424591064453,62.32020950317383,664.7581176757812,27.181678771972656,6734.10986328125,79.70999908447266,50376.53125,5693.77001953125,4.1479997634887695,19.829999923706055,60.650001525878906,99.4000015258789,54.23787358797682,4215.10009765625,93.8185146781011,63.03664985186866,668.4482860302248,27.210686853249562,6774.31005859375,79.70999908447266,50767.73828125,5731.16015625,4.1479997634887695,23.030000686645508,58.709999084472656,98.98999786376953,53.36496807160969,4032.60009765625,93.3248837820611,61.91782719786687,656.1905771441307,27.133328895912502,6646.8701171875,79.0999984741211,50246.6015625,5631.18017578125,4.065000057220459,19.559999465942383,58.709999084472656,99.26000213623047,53.482662230525634,4174.89990234375,93.7701167411309,62.39872494997644,658.2780414721369,27.142998871124533,6672.14013671875,79.0999984741211,50767.73828125,5731.16015625,4.066999912261963,21.329999923706055,334116.0,0.0,27660000.0,342176.0,11288500.0,3836700.0,96846700.0,1099300.0,5042660000.0,0.0,149300000.0,23151100.0,0.0,0.0
2025-11-17,59.90999984741211,99.58999633789062,53.26689147949219,4074.5,93.4507064819336,61.61358642578125,658.56494140625,27.249366760253906,6672.41015625,82.58000183105469,50323.91015625,5640.93994140625,4.132999897003174,22.3799991607666,60.439998626708984,99.5999984741211,53.835749712127495,4107.60009765625,93.51845915648644,62.65389364933365,666.5191649555097,27.268706710682338,6754.5,82.58000183105469,50398.16015625,5701.64013671875,4.145999908447266,23.440000534057617,59.31999969482422,99.25,53.10015465413757,4006.800048828125,93.39262748625423,61.42711785242769,655.1022987242936,27.22035683461126,6638.89990234375,79.70999908447266,49845.859375,5629.33984375,4.125,19.540000915527344,59.79999923706055,99.2699966430664,53.47285719778618,4084.39990234375,93.44102541857242,61.868757888078356,662.5519561070769,27.23969678503969,6713.60986328125,79.70999908447266,50282.390625,5692.1298828125,4.138999938964844,19.579999923706055,189638.0,0.0,24765100.0,235352.0,6648500.0,1810000.0,90456100.0,1188500.0,5204220000.0,0.0,126000000.0,16799000.0,0.0,0.0
2025-11-18,60.7400016784668,99.55000305175781,53.002071380615234,4066.5,93.60557556152344,61.26027297973633,653.0346069335938,27.27837562561035,6617.31982421875,83.18000030517578,48702.98046875,5534.7099609375,4.123000144958496,24.690000534057617,60.93000030517578,99.66000366210938,53.20803707781206,4083.699951171875,93.81851466899015,61.4565578514639,658.0207904035176,27.29771557659468,6666.6298828125,83.18000030517578,49971.55078125,5610.75,4.138999938964844,25.84000015258789,59.310001373291016,99.4000015258789,52.64898519031807,3997.39990234375,93.47007019940615,60.86770698010373,648.8596179987588,27.220357617016614,6574.31982421875,82.58000183105469,48661.51953125,5509.10009765625,4.085000038146973,22.90999984741211,59.7400016784668,99.55999755859375,52.845144600642,4045.60009765625,93.73139985934995,60.95603498519001,655.0330052616243,27.2493675434931,6641.18994140625,82.58000183105469,49812.94921875,5610.75,4.105999946594238,23.540000915527344,105325.0,0.0,29360300.0,233302.0,8769000.0,4478700.0,114467500.0,1428100.0,5159390000.0,0.0,137400000.0,23805300.0,0.0,0.0
2025-11-19,59.439998626708984,100.2300033569336,52.81571960449219,4082.800048828125,93.5378189086914,60.75975036621094,655.5574340820312,27.452430725097656,6642.16015625,84.31999969482422,48537.69921875,5542.0498046875,4.132999897003174,23.65999984741211,60.790000915527344,100.23999786376953,53.12957317244505,4134.2998046875,93.75075800711636,61.103246085296156,660.2171837101976,27.46210070031836,6689.75,84.31999969482422,49087.109375,5584.35009765625,4.135000228881836,24.790000915527344,58.77000045776367,99.48999786376953,52.58033129924237,4055.60009765625,93.49910203766068,60.592910658033134,651.7188423695233,27.336394711167575,6603.5,83.18000030517578,48235.30078125,5506.10009765625,4.0980000495910645,21.93000030517578,60.619998931884766,99.58000183105469,52.80591331736913,4067.800048828125,93.70236007220593,60.93640637711835,653.7272041810384,27.355734661608984,6625.83984375,83.18000030517578,48822.87890625,5532.91015625,4.110000133514404,24.520000457763672,79622.0,0.0,20897700.0,233696.0,13075900.0,2087100.0,94703000.0,1917200.0,5021610000.0,0.0,136500000.0,19950000.0,0.0,0.0
2025-11-20,59.13999938964844,100.16000366210938,52.089935302734375,4060.0,93.76042938232422,59.7488899230957,645.5652465820312,27.471771240234375,6538.759765625,77.80999755859375,49823.94140625,5569.919921875,4.105999946594238,26.420000076293945,60.33000183105469,100.36000061035156,53.443431170362295,4109.60009765625,93.8378557318968,61.20139202861263,668.3494043558474,27.471771240234375,6770.35009765625,84.31999969482422,50574.8203125,5625.2099609375,4.1620001792907715,28.270000457763672,58.86000061035156,100.02999877929688,52.0605126995565,4034.0,93.59588085132512,59.70963219877352,644.9320631333248,27.394413281237796,6534.0498046875,77.80999755859375,49113.390625,5569.47021484375,4.085999965667725,19.280000686645508,59.630001068115234,100.16999816894531,53.38458222257683,4079.89990234375,93.63459771835507,60.995294591655146,665.7276649913678,27.413753232076747,6737.93017578125,84.31999969482422,49129.2890625,5569.47021484375,4.145999908447266,20.780000686645508,324282.0,0.0,32026400.0,272355.0,9076400.0,1970900.0,165293500.0,1492900.0,5596080000.0,0.0,139400000.0,18291000.0,0.0,0.0
2025-11-21,58.060001373291016,100.18000030517578,52.08012771606445,4079.5,94.0701675415039,59.788143157958984,651.9959106445312,27.452430725097656,6602.990234375,78.80999755859375,48625.87890625,5515.08984375,4.063000202178955,23.43000030517578,58.79999923706055,100.4000015258789,52.30571348910479,4101.0,94.1088844128996,60.09238490192764,657.4569521849606,27.510450576421885,6660.0498046875,78.80999755859375,49459.58984375,5539.490234375,4.085999965667725,27.84000015258789,57.380001068115234,99.98999786376953,51.3739590166756,4018.10009765625,93.88626424849642,58.953937117540804,643.9031662606766,27.433092619015433,6521.919921875,77.80999755859375,48490.03125,5473.8798828125,4.053999900817871,22.540000915527344,58.79999923706055,100.16000366210938,51.6976188910976,4074.89990234375,94.0701675415039,59.16003455192799,648.0583498819193,27.491110625980475,6555.77001953125,77.80999755859375,49251.26171875,5537.669921875,4.071000099182129,25.969999313354492,345014.0,0.0,40328800.0,257813.0,12551100.0,2692500.0,123956200.0,1305200.0,5929930000.0,0.0,212200000.0,22858600.0,0.0,0.0
2025-11-24,58.84000015258789,100.13999938964844,52.629371643066406,4094.199951171875,94.21534729003906,60.80882263183594,661.5922241210938,27.452430725097656,6705.1201171875,76.81999969482422,,5528.669921875,4.038000106811523,20.520000457763672,59.060001373291016,100.30000305175781,52.668604275480455,4138.2001953125,94.23470941812718,60.87752177789379,662.9080451404715,27.48144065075977,6715.75,78.80999755859375,,5562.009765625,4.060999870300293,23.68000030517578,57.41999816894531,100.01000213623047,52.099742329766,4036.39990234375,94.06048718777512,60.406440314715944,654.5284795169995,27.433092619015433,6630.7001953125,76.81999969482422,,5504.9599609375,4.0320000648498535,20.40999984741211,58.04999923706055,100.19999694824219,52.099742329766,4069.199951171875,94.16695673879516,60.426069176992854,655.6167144034767,27.44276074987695,6636.5400390625,78.80999755859375,,5523.6298828125,4.056000232696533,22.690000534057617,238138.0,0.0,33650600.0,223055.0,6903900.0,2497200.0,80437900.0,996000.0,6039740000.0,0.0,,38300300.0,0.0,0.0
2025-11-25,57.95000076293945,99.66000366210938,52.81571960449219,4140.0,94.45732879638672,61.04436492919922,667.815185546875,27.375072479248047,6765.8798828125,72.81999969482422,48659.51953125,5573.91015625,4.001999855041504,18.559999465942383,58.959999084472656,100.26000213623047,52.83533592016795,4156.2998046875,94.56379835484233,61.39767696076642,668.9924864834618,27.394412429485676,6776.39990234375,76.81999969482422,49182.3203125,5581.919921875,4.0269999504089355,21.770000457763672,57.099998474121094,99.6500015258789,52.188012468586464,4106.7001953125,94.30246868330774,60.808822326880204,657.3876457131933,27.30738449777551,6659.97998046875,72.81999969482422,48511.94921875,5510.47998046875,3.98799991607666,18.389999389648438,58.88999938964844,100.20999908447266,52.59994761491813,4133.5,94.31214974802789,61.328977815053086,661.4933747936815,27.38474245436686,6697.02978515625,76.81999969482422,49113.8203125,5528.60986328125,4.013000011444092,20.549999237060547,334442.0,0.0,25248200.0,132704.0,9193400.0,1403700.0,81077100.0,1281600.0,5003330000.0,0.0,144500000.0,18585600.0,0.0,0.0
2025-11-26,58.650001525878906,99.5999984741211,53.19823455810547,4165.2001953125,94.53474426269531,60.75975036621094,672.4254760742188,27.297714233398438,6812.60986328125,71.9000015258789,49559.0703125,5655.580078125,3.997999906539917,17.190000534057617,58.720001220703125,99.95999908447266,53.2865061119306,4171.0,94.53474426269531,61.201390393479464,674.4239350690651,27.394412139202768,6831.43994140625,72.81999969482422,49749.58984375,5655.580078125,4.041999816894531,18.700000762939453,57.65999984741211,99.55999755859375,52.92360986763294,4127.5,94.20566197073964,60.210153471852045,669.4970476879164,27.28804425838209,6783.8701171875,71.9000015258789,48964.19140625,5583.81982421875,3.996000051498413,16.93000030517578,58.04999923706055,99.83999633789062,53.06092034215429,4128.60009765625,94.35084837550897,60.89714865384502,670.3973686817876,27.394412139202768,6793.5498046875,72.81999969482422,49012.25,5583.81982421875,4.0,18.25,228285.0,0.0,22161600.0,25088.0,7747100.0,2477600.0,71879600.0,1130500.0,4485000000.0,0.0,134100000.0,16441000.0,0.0,0.0
2025-11-27,,,,,,,,,,,50167.1015625,5653.169921875,,,,,,,,,,,,,50322.140625,5665.02001953125,,,,,,,,,,,,,49865.171875,5638.39013671875,,,,,,,,,,,,,49868.7890625,5650.47021484375,,,,,,,,,,,,,99300000.0,10351300.0,,
2025-11-28,58.54999923706055,99.45999908447266,53.276695251464844,4254.89990234375,94.37020874023438,61.04436492919922,676.0958251953125,27.27837562561035,6849.08984375,68.94999694824219,50253.91015625,5668.169921875,4.017000198364258,16.350000381469727,59.63999938964844,99.81999969482422,53.32573417139574,4263.10009765625,94.51539515365536,61.152321799269494,676.3728052050843,27.336395478563333,6850.85986328125,71.9000015258789,50258.25,5676.81982421875,4.035999774932861,18.520000457763672,58.27000045776367,99.37999725341797,53.08053583031152,4174.60009765625,94.26373919602484,60.78919346470173,673.2366572287348,27.2493675434931,6819.75,68.94999694824219,49989.5390625,5641.330078125,3.990000009536743,15.779999732971191,58.58000183105469,99.56999969482422,53.119768462828134,4198.60009765625,94.49603302680578,60.8873377755941,673.5928002628821,27.336395478563333,6822.52001953125,71.9000015258789,50218.9609375,5655.16015625,3.990000009536743,17.40999984741211,153758.0,0.0,15057500.0,154806.0,7798000.0,945100.0,49212000.0,1215800.0,2558540000.0,0.0,98200000.0,13112400.0,0.0,0.0
2025-12-01,59.31999969482422,99.41000366210938,53.237464904785156,4274.7998046875,93.86346435546875,61.49581527709961,673.0090942382812,27.268707275390625,6812.6298828125,71.3499984741211,49303.28125,5667.47998046875,4.0960001945495605,17.239999771118164,59.970001220703125,99.51000213623047,53.40420172942502,4299.60009765625,94.00907348154908,61.75098298843535,675.7000330812516,27.27837540644587,6843.64990234375,71.3499984741211,50366.73828125,5672.080078125,4.0980000495910645,18.329999923706055,58.83000183105469,99.01000213623047,53.10996445577635,4241.10009765625,93.85375461160855,61.20138984284375,671.4953958513415,27.18167934101961,6799.93994140625,68.94999694824219,49215.9609375,5622.9501953125,4.050000190734863,16.579999923706055,58.959999084472656,99.4800033569336,53.10996445577635,4258.5,93.94112008725676,61.23083126312258,671.5646559458772,27.19134931643408,6812.2998046875,68.94999694824219,50318.58984375,5659.91015625,4.050000190734863,18.049999237060547,232770.0,0.0,17854000.0,227572.0,9898100.0,2286700.0,61201200.0,2996300.0,4549370000.0,0.0,118200000.0,16257400.0,0.0,0.0
2025-12-02,58.63999938964844,99.36000061035156,53.257080078125,4220.7998046875,93.94113159179688,61.083621978759766,674.2557373046875,27.259037017822266,6829.3701171875,69.91000366210938,49303.44921875,5686.169921875,4.085999965667725,16.59000015258789,59.66999816894531,99.56999969482422,53.33554534484214,4269.2001953125,93.98967291067795,61.19157510381481,676.5212733146432,27.317055025349333,6851.5498046875,71.3499984741211,49636.7890625,5710.830078125,4.113999843597412,17.309999465942383,58.279998779296875,99.31999969482422,53.03149804845801,4194.0,93.77610295778585,60.75975137212678,672.0792068673397,27.249367042507888,6806.7099609375,69.91000366210938,49243.55078125,5665.2900390625,4.080999851226807,16.389999389648438,59.52000045776367,99.44999694824219,53.31592902816285,4265.2998046875,93.83435402171622,61.19157510381481,674.6415287588202,27.288045099406197,6830.9599609375,71.3499984741211,49494.578125,5667.41015625,4.110000133514404,17.280000686645508,255513.0,0.0,22523100.0,215921.0,7317200.0,2073100.0,62953800.0,1528300.0,4582290000.0,0.0,127100000.0,17124300.0,0.0,0.0
2025-12-03,58.95000076293945,98.8499984741211,53.29631423950195,4232.5,94.13528442382812,60.730308532714844,676.5905151367188,27.123659133911133,6849.72021484375,66.45999908447266,49864.6796875,5694.56005859375,4.057000160217285,16.079999923706055,59.63999938964844,99.29000091552734,53.30612052740782,4273.2998046875,94.1935280782765,60.75974995305837,677.5995871066391,27.17200901035135,6862.419921875,69.91000366210938,50138.6015625,5725.31982421875,4.085999965667725,17.280000686645508,58.369998931884766,98.81999969482422,53.01188325164241,4225.10009765625,93.97995813681241,60.318109928792886,672.4353317565424,27.094651052406203,6810.43017578125,66.45999908447266,49521.23046875,5676.919921875,4.052000045776367,15.930000305175781,58.650001525878906,99.27999877929688,53.10015480851503,4241.60009765625,94.0964528520742,60.40643793364598,673.3059439079583,27.162339035063304,6815.2900390625,69.91000366210938,49540.640625,5696.25,4.053999900817871,16.43000030517578,260974.0,0.0,16750200.0,176443.0,6855100.0,3221700.0,57238500.0,1962500.0,4736780000.0,0.0,119500000.0,19446900.0,0.0,0.0
2025-12-04,59.66999816894531,98.98999786376953,53.28650665283203,4243.0,93.84405517578125,60.82844924926758,677.0851440429688,27.181678771972656,6857.1201171875,65.69000244140625,51028.421875,5718.080078125,4.107999801635742,15.779999732971191,60.02000045776367,99.08000183105469,53.36496817845647,4251.10009765625,93.99938146914765,60.8775195312376,678.05466464181,27.181678771972656,6866.47021484375,66.45999908447266,51028.421875,5731.93994140625,4.110000133514404,16.6299991607666,58.810001373291016,98.7699966430664,53.13938614782015,4203.2998046875,93.79552126387824,60.61253551601242,674.0677104452674,27.094650839423565,6827.1201171875,65.69000244140625,49910.05859375,5704.43994140625,4.083000183105469,15.680000305175781,59.09000015258789,98.91999816894531,53.36496817845647,4234.5,93.98967172422093,60.8480781108201,677.9854045442221,27.094650839423565,6866.47021484375,66.45999908447266,49942.94140625,5709.830078125,4.093999862670898,16.229999542236328,264993.0,0.0,14443500.0,161251.0,8928900.0,3253600.0,61970300.0,1479800.0,4872440000.0,0.0,127300000.0,17703900.0,0.0,0.0
2025-12-05,60.08000183105469,98.98999786376953,53.688629150390625,4243.0,93.64990234375,61.49581527709961,678.3712768554688,27.152667999267578,6870.39990234375,67.27999877929688,50491.87109375,5723.93017578125,4.138999938964844,15.40999984741211,60.5,99.12999725341797,54.06132792626497,4290.5,93.87317462685319,61.62340100467873,681.0424704296607,27.201016029460256,6895.77978515625,67.27999877929688,50634.8515625,5749.06005859375,4.144999980926514,16.18000030517578,59.41999816894531,98.80999755859375,53.61997017438253,4221.39990234375,93.60136102671099,61.32897557042288,677.2731389541586,27.133328049446856,6858.2900390625,65.69000244140625,50215.41015625,5723.91015625,4.0980000495910645,15.279999732971191,59.70000076293945,99.04000091552734,53.874978538327795,4239.5,93.86347228853748,61.50562783591838,678.1535936302283,27.152667999267578,6866.31982421875,65.69000244140625,50530.33984375,5726.64013671875,4.118000030517578,15.579999923706055,255075.0,0.0,20114400.0,193599.0,9118700.0,3323400.0,79241000.0,1639400.0,4944560000.0,0.0,119300000.0,15470400.0,0.0,0.0
2025-12-08,58.880001068115234,99.08999633789062,53.57093048095703,4217.7001953125,93.45574951171875,61.06399154663086,676.3333129882812,27.191349029541016,6846.509765625,72.30000305175781,50581.94140625,5725.58984375,4.171999931335449,16.65999984741211,60.29999923706055,99.2300033569336,53.81612881274281,4247.89990234375,93.60136606430771,61.132690689818766,679.3111955598065,27.230027086431587,6878.27001953125,72.30000305175781,50678.05078125,5734.72998046875,4.191999912261963,17.09000015258789,58.68000030517578,98.79000091552734,53.433620013785735,4204.0,93.28101112988509,60.79900753269643,674.2953027143022,27.152669128291237,6827.18994140625,67.27999877929688,50224.6484375,5711.0,4.14300012588501,16.100000381469727,60.150001525878906,98.97000122070312,53.81612881274281,4228.10009765625,93.59166372546983,61.12287438717906,679.2617413091358,27.152669128291237,6875.2001953125,67.27999877929688,50643.08984375,5717.64990234375,4.14300012588501,16.149999618530273,263009.0,0.0,29055600.0,149813.0,14728300.0,2696200.0,55231500.0,1143400.0,4757130000.0,0.0,104400000.0,13360900.0,0.0,0.0
2025-12-09,58.25,99.22000122070312,53.482662200927734,4236.2001953125,93.31983947753906,60.21015548706055,675.74951171875,27.230026245117188,6840.509765625,75.37999725341797,50655.1015625,5718.31982421875,4.185999870300293,16.93000030517578,59.16999816894531,99.30999755859375,53.53170486342627,4251.7001953125,93.59166048927675,60.28867093623508,678.0744650894321,27.268706145171887,6864.919921875,75.37999725341797,50793.69140625,5753.47998046875,4.190000057220459,17.200000762939453,58.119998931884766,98.94999694824219,53.20804124979922,4197.7998046875,93.300427394169,59.93535890259505,675.3043631264671,27.201016320076164,6837.43017578125,72.30000305175781,50417.109375,5708.52978515625,4.14300012588501,16.450000762939453,58.869998931884766,99.05000305175781,53.25708017086791,4219.60009765625,93.59166048927675,60.08257349788595,675.8583835190601,27.210686295089836,6840.60986328125,72.30000305175781,50677.359375,5724.7099609375,4.1620001792907715,16.65999984741211,260206.0,0.0,17789200.0,177366.0,8509200.0,2834900.0,58310100.0,1191700.0,4508050000.0,0.0,107100000.0,15545600.0,0.0,0.0
2025-12-10,58.459999084472656,98.79000091552734,54.0809440612793,4224.7001953125,93.62078094482422,60.6616096496582,680.2312622070312,27.084980010986328,6886.68017578125,68.62000274658203,50602.80078125,5708.1201171875,4.164000034332275,15.770000457763672,59.04999923706055,99.26000213623047,54.179025639941784,4268.7998046875,93.64990277263495,60.887335942179675,681.616283144729,27.23002594587921,6900.669921875,75.37999725341797,51107.76953125,5722.77001953125,4.203999996185303,17.65999984741211,57.65999984741211,98.58999633789062,53.531702186488,4207.7998046875,93.27130419836516,60.3082976287298,674.0380683519487,27.0559700862641,6824.68994140625,68.62000274658203,50329.26953125,5692.58984375,4.146999835968018,15.5600004196167,58.369998931884766,99.22000122070312,53.60035742083691,4237.5,93.28100653672529,60.42606705443175,675.2747265375898,27.23002594587921,6833.490234375,75.37999725341797,50878.66015625,5710.7001953125,4.202000141143799,16.940000534057617,256508.0,0.0,35022900.0,186178.0,13356900.0,1782300.0,85671300.0,2309500.0,5526570000.0,0.0,125100000.0,16616100.0,0.0,0.0
2025-12-11,57.599998474121094,98.3499984741211,53.8259391784668,4313.0,93.63048553466797,60.54383850097656,681.8141479492188,26.988283157348633,6901.0,69.23999786376953,50148.8203125,5753.9599609375,4.140999794006348,14.850000381469727,58.939998626708984,98.76000213623047,53.89459441248261,4317.2998046875,93.90230654895647,60.602725087704336,681.8933109790751,27.017293083200673,6903.4599609375,69.23999786376953,50875.98046875,5770.18994140625,4.14300012588501,16.8799991607666,57.0099983215332,98.12999725341797,53.43362034857959,4231.2001953125,93.60136370615696,60.033499314137174,674.8888622374254,26.939935125287768,6833.4501953125,68.62000274658203,49926.26953125,5684.93017578125,4.1020002365112305,14.850000381469727,58.90999984741211,98.55999755859375,53.64939607916052,4258.2998046875,93.85376523052791,60.26904191722561,677.82719343181,26.97861318206462,6861.2998046875,68.62000274658203,50818.390625,5707.759765625,4.13100004196167,16.84000015258789,286808.0,0.0,22013500.0,228282.0,8672800.0,2737100.0,86173700.0,1143000.0,5021060000.0,0.0,109900000.0,18166900.0,0.0,0.0
2025-12-12,57.439998626708984,98.4000015258789,53.19823455810547,4328.2998046875,93.37808990478516,60.37699508666992,674.4832763671875,27.026962280273438,6827.41015625,69.25,50836.55078125,5720.7099609375,4.193999767303467,15.739999771118164,58.189998626708984,98.52999877929688,53.89459695970936,4387.7998046875,93.45574564410207,61.10324422601499,681.5272765513724,27.05597036093102,6899.85009765625,69.25,51127.69140625,5794.7001953125,4.199999809265137,17.850000381469727,57.150001525878906,98.30000305175781,53.06092034215429,4286.0,93.358670415182,60.131639939411265,671.9208940415416,27.007622330262283,6801.7900390625,69.23999786376953,50457.421875,5718.97021484375,4.177999973297119,14.850000381469727,57.88999938964844,98.31999969482422,53.85536432658046,4309.10009765625,93.37808990478516,60.9265919643054,680.8248329648462,27.026962280273438,6886.85009765625,69.23999786376953,50480.23046875,5766.83984375,4.177999973297119,14.989999771118164,212806.0,0.0,30590000.0,292175.0,8348700.0,2339700.0,113160300.0,1141700.0,4910160000.0,0.0,152200000.0,16271300.0,0.0,0.0
2025-12-15,56.81999969482422,98.1500015258789,53.04130554199219,4335.2001953125,93.45574951171875,59.739070892333984,673.4641723632812,27.00762367248535,6816.509765625,73.30999755859375,50168.109375,5752.52001953125,4.182000160217285,16.5,57.79999923706055,98.4800033569336,53.531702211242425,4384.2998046875,93.6887389584073,60.31810919626721,678.4405133715769,27.036631754584576,6861.58984375,73.30999755859375,50432.1015625,5763.2099609375,4.185999870300293,17.350000381469727,56.400001525878906,98.13999938964844,53.03149551340657,4315.89990234375,93.43633742767746,59.69000061108319,671.999988545765,26.959273795054578,6801.490234375,69.25,49965.6796875,5724.16015625,4.151000022888184,15.989999771118164,57.5,98.4000015258789,53.50227586691524,4330.0,93.59166372546983,60.17089835251485,678.4207075198718,26.988283721513042,6860.18994140625,69.25,50352.08984375,5724.16015625,4.170000076293945,16.510000228881836,229310.0,0.0,29137000.0,207700.0,6117000.0,2348500.0,90811000.0,568400.0,4975600000.0,0.0,121900000.0,18949300.0,0.0,0.0
2025-12-16,55.27000045776367,98.1500015258789,52.70604705810547,4332.2998046875,93.71784973144531,59.30693817138672,671.6240844726562,26.978612899780273,6800.259765625,67.13999938964844,49383.2890625,5717.830078125,4.14900016784668,16.479999542236328,56.70000076293945,98.31999969482422,52.85527294617779,4367.89990234375,93.7372618131965,59.356608215324265,673.8105178026394,27.01729280051161,6819.27001953125,73.30999755859375,50051.23828125,5757.35009765625,4.196000099182129,17.610000610351562,54.97999954223633,97.87000274658203,52.49713385078181,4297.39990234375,93.41691432293186,58.899637747768594,667.7755898483048,26.89158496749395,6759.740234375,67.13999938964844,49355.87109375,5710.2099609375,4.14300012588501,16.190000534057617,56.68000030517578,98.2699966430664,52.68615002003103,4334.2998046875,93.42661666062511,59.128122981546426,671.9802275249427,26.930264868225287,6800.1201171875,73.30999755859375,50051.23828125,5755.81982421875,4.170000076293945,17.280000686645508,230933.0,0.0,38180700.0,212277.0,7456400.0,3367200.0,122030600.0,881400.0,4983180000.0,0.0,124600000.0,21797500.0,0.0,0.0
2025-12-17,55.939998626708984,98.37000274658203,52.32801055908203,4373.89990234375,93.69842529296875,59.078453063964844,664.2338256835938,27.036630630493164,6721.43017578125,62.7400016784668,49512.28125,5681.669921875,4.151000022888184,17.6200008392334,56.97999954223633,98.63999938964844,53.03434212338848,4383.60009765625,93.74696660432909,59.94272395698713,673.1773153631458,27.065640555745496,6812.259765625,67.13999938964844,49571.5,5745.8701171875,4.170000076293945,18.0,55.20000076293945,98.18000030517578,52.30811731611854,4330.7001953125,93.58193799588676,59.04864800587342,664.035948310003,26.997952574515885,6720.43017578125,62.7400016784668,49077.80859375,5678.52978515625,4.14300012588501,15.819999694824219,55.22999954223633,98.20999908447266,52.98459763106389,4333.5,93.60135007661233,59.83344758634196,672.6331978735437,27.065640555745496,6802.8798828125,67.13999938964844,49413.19140625,5735.2099609375,4.163000106811523,16.450000762939453,125608.0,0.0,35740800.0,212413.0,5673200.0,2643000.0,110625200.0,655400.0,5122120000.0,0.0,113200000.0,18917000.0,0.0,0.0
2025-12-18,56.150001525878906,98.43000030517578,52.92491149902344,4364.5,93.94113159179688,59.595027923583984,669.2496337890625,27.055971145629883,6774.759765625,60.0099983215332,49001.5,5741.7099609375,4.116000175476074,16.8700008392334,57.029998779296875,98.55999755859375,53.22335948480363,4409.5,93.99938265572725,59.962590785068016,673.4740770479272,27.08498107148798,6816.1298828125,62.7400016784668,49169.7890625,5746.97998046875,4.13700008392334,17.68000030517578,55.880001068115234,98.16999816894531,52.86522038387858,4338.0,93.81493453161764,59.575159148695484,667.6964444022054,27.007623113558914,6758.5,60.0099983215332,48643.78125,5679.60986328125,4.107999801635742,15.930000305175781,56.900001525878906,98.37999725341797,52.99454923587308,4371.5,93.94113159179688,59.7539743331107,670.3675775068244,27.007623113558914,6778.06005859375,62.7400016784668,49058.30859375,5684.0,4.125,17.610000610351562,85735.0,0.0,29985700.0,234460.0,7357600.0,2913400.0,108650100.0,764300.0,5101190000.0,0.0,116200000.0,17594000.0,0.0,0.0
2025-12-19,56.65999984741211,98.5999984741211,53.442222595214844,4387.2998046875,93.72978973388672,60.230812072753906,675.3153686523438,27.14299964904785,6834.5,59.40999984741211,49507.2109375,5760.35009765625,4.151000022888184,14.90999984741211,56.900001525878906,98.75,53.61134172736507,4389.0,93.87587880072455,60.469229786359506,675.8114935895343,27.14299964904785,6840.02001953125,60.0099983215332,49766.9609375,5772.35009765625,4.1570000648498535,16.530000686645508,55.81999969482422,98.41999816894531,53.223358970105615,4336.2998046875,93.69083215403673,60.09173444155377,671.2272434527378,27.084981640472048,6792.6201171875,59.40999984741211,49257.1484375,5728.64990234375,4.130000114440918,14.90999984741211,56.029998779296875,98.45999908447266,53.26315304648402,4363.60009765625,93.78822981886101,60.17120574956189,671.3463691548195,27.094651615961222,6792.6201171875,60.0099983215332,49387.7109375,5742.14013671875,4.146999835968018,16.309999465942383,209264.0,0.0,28831700.0,165214.0,5806600.0,1780000.0,103599500.0,553300.0,8554470000.0,0.0,163300000.0,44042100.0,0.0,0.0
2025-12-22,58.0099983215332,98.29000091552734,53.73072052001953,4469.39990234375,93.63239288330078,60.48910140991211,679.5225219726562,27.030000686645508,6878.490234375,61.70000076293945,50402.390625,5743.68994140625,4.169000148773193,14.079999923706055,58.130001068115234,98.7300033569336,53.770514596663446,4484.5,93.68109171227181,60.60831027232988,680.0483829319917,27.040000915527344,6882.02978515625,61.70000076293945,50590.87890625,5770.990234375,4.175000190734863,15.260000228881836,56.599998474121094,98.19999694824219,53.611342085059825,4367.89990234375,93.57396023285399,60.22087862728607,675.3153920494597,27.0,6855.740234375,59.40999984741211,49982.19921875,5733.7900390625,4.15500020980835,14.029999732971191,56.630001068115234,98.66999816894531,53.69093023834765,4369.89990234375,93.65187538704842,60.32022250395205,678.6394050189502,27.020000457763672,6865.2099609375,59.40999984741211,50084.55078125,5754.39013671875,4.166999816894531,15.15999984741211,221576.0,0.0,21645200.0,203043.0,4672800.0,2600100.0,69556700.0,1148200.0,4465030000.0,0.0,112900000.0,12600900.0,0.0,0.0
2025-12-23,58.380001068115234,97.94000244140625,54.029170989990234,4505.7001953125,93.59343719482422,60.270545959472656,682.628173828125,26.940000534057617,6909.7900390625,61.16999816894531,50412.87109375,5749.27978515625,4.169000148773193,14.0,58.560001373291016,98.19999694824219,54.049068027829804,4530.7998046875,93.62265352063717,60.270545959472656,682.8663040830753,26.989999771118164,6910.8798828125,61.70000076293945,50544.55859375,5754.52978515625,4.202000141143799,14.449999809265137,57.7400016784668,97.8499984741211,53.621291201708864,4457.7001953125,93.37917423166499,59.813575516110824,678.569845619967,26.93000030517578,6868.81005859375,61.16999816894531,50264.421875,5729.33984375,4.151000022888184,13.640000343322754,57.95000076293945,98.19999694824219,53.71082597450097,4481.7998046875,93.42787306161871,60.06192951223111,678.6194459960617,26.969999313354492,6872.41015625,61.70000076293945,50374.48046875,5742.56005859375,4.151000022888184,14.09000015258789,183633.0,0.0,25319700.0,248418.0,5093900.0,1219400.0,64840000.0,1032800.0,3820560000.0,0.0,92700000.0,12209500.0,0.0,0.0
2025-12-24,58.349998474121094,97.9800033569336,54.13859939575195,4502.7998046875,93.83692169189453,60.21094512939453,685.0294799804688,26.950000762939453,6932.0498046875,59.47999954223633,50344.1015625,,4.136000156402588,13.470000267028809,58.75,98.01000213623047,54.17839347171783,4555.10009765625,93.85640419711662,60.34009027211397,685.4760045408373,26.959999084472656,6937.31982421875,61.16999816894531,50636.94921875,,4.166999816894531,14.15999984741211,58.130001068115234,97.75,54.05901503879215,4474.2998046875,93.66161629688891,60.18114386168287,682.4694583215327,26.93000030517578,6904.91015625,59.47999954223633,50323.921875,,4.131999969482422,13.380000114440918,58.470001220703125,97.88999938964844,54.12865277424646,4516.7001953125,93.71031512954549,60.21094512939453,682.6183200290311,26.940000534057617,6904.91015625,61.16999816894531,50475.48046875,,4.166999816894531,14.09000015258789,111762.0,0.0,9565300.0,151576.0,3967700.0,1159700.0,39445600.0,699400.0,1798270000.0,0.0,83200000.0,,0.0,0.0
2025-12-25,,,,,,,,,,,50407.7890625,,,,,,,,,,,,,,50510.109375,,,,,,,,,,,,,,50283.76171875,,,,,,,,,,,,,,50450.1796875,,,,,,,,,,,,,,58300000.0,,,
2025-12-26,56.7400016784668,98.0199966430664,54.51663589477539,4552.7001953125,93.92457580566406,60.866600036621094,684.9600219726562,26.969999313354492,6929.93994140625,58.5,50750.390625,,4.136000156402588,13.600000381469727,58.880001068115234,98.12999725341797,54.536532932892385,4584.0,93.99274971147545,60.87653252941124,686.2995351048382,27.0,6945.77001953125,59.47999954223633,50941.890625,,4.144999980926514,14.289999961853027,56.650001525878906,97.86000061035156,54.24803157265397,4518.0,93.81744432076067,60.40962957664681,683.9281038851597,26.920000076293945,6921.60009765625,58.5,50527.12890625,,4.110000133514404,13.520000457763672,58.349998474121094,97.91999816894531,54.28782564888796,4523.5,93.97326720673021,60.47916839492196,685.2874813951044,26.920000076293945,6936.02001953125,59.47999954223633,50527.12890625,,4.122000217437744,14.119999885559082,166669.0,0.0,11352000.0,181246.0,3491500.0,981500.0,41613300.0,743400.0,2586550000.0,0.0,81100000.0,,0.0,0.0
2025-12-29,58.08000183105469,98.04000091552734,54.37736129760742,4343.60009765625,94.06092834472656,59.9725227355957,682.51904296875,26.979999542236328,6905.740234375,59.209999084472656,50526.921875,5751.7099609375,4.116000175476074,14.199999809265137,58.29999923706055,98.18000030517578,54.397258336044466,4581.2998046875,94.08040342005214,59.9824590177408,683.8586166189733,27.020000457763672,6920.2099609375,59.209999084472656,50707.23046875,5766.2998046875,4.130000114440918,15.079999923706055,56.90999984741211,97.91999816894531,54.1485510480395,4316.0,93.93431434871441,59.67449869412479,680.7528697076866,26.940000534057617,6888.759765625,58.5,50347.6484375,5734.91015625,4.107999801635742,13.989999771118164,57.040000915527344,98.05000305175781,54.238085823520166,4568.0,94.03171201653878,59.704299961397496,682.2114479341877,26.959999084472656,6903.60009765625,58.5,50691.21875,5752.16015625,4.116000175476074,14.6899995803833,178590.0,0.0,18816700.0,316961.0,5034600.0,3676000.0,62559500.0,794700.0,3541750000.0,0.0,98000000.0,14581100.0,0.0,0.0
2025-12-30,57.95000076293945,98.23999786376953,54.596221923828125,4386.2998046875,93.9635238647461,60.18114471435547,681.6856079101562,27.049999237060547,6896.240234375,63.97999954223633,50339.48046875,5796.22021484375,4.130000114440918,14.329999923706055,58.470001220703125,98.2699966430664,54.70565373172945,4420.5,94.04143158463835,60.369892395172485,683.2235831301442,27.049999237060547,6913.25,63.97999954223633,50534.640625,5802.990234375,4.140999794006348,14.619999885559082,57.599998474121094,97.94000244140625,54.52658419061307,4338.7998046875,93.88560871445614,60.12153838850627,681.2589477241032,27.0,6893.47021484375,59.209999084472656,50198.96875,5746.35986328125,4.116000175476074,14.039999961853027,57.810001373291016,98.01000213623047,54.586271507670645,4350.2998046875,93.92456628960112,60.25068353305549,682.1222002850684,27.020000457763672,6900.43994140625,59.209999084472656,50312.8515625,5748.97021484375,4.140999794006348,14.430000305175781,143802.0,0.0,24643000.0,189751.0,4108600.0,1684800.0,47160700.0,627500.0,3309930000.0,0.0,93700000.0,13936400.0,0.0,0.0
2025-12-31,57.41999816894531,98.27999877929688,54.427101135253906,4341.10009765625,93.65187072753906,59.67449951171875,676.635009765625,27.030000686645508,6845.5,63.959999084472656,,,4.163000106811523,14.949999809265137,58.54999923706055,98.5,54.63601434308008,4384.89990234375,93.95378264702367,59.90298473962961,682.0328514439952,27.110000610351562,6901.419921875,63.97999954223633,,,4.172999858856201,15.170000076293945,57.20000076293945,98.18000030517578,54.39725747555645,4284.2998046875,93.6421294761499,59.55529065141337,676.4266760541103,27.030000686645508,6844.5498046875,63.959999084472656,,,4.125999927520752,14.380000114440918,57.95000076293945,98.25,54.616121099929764,4353.0,93.82716867015772,59.90298473962961,681.8145855439083,27.059999465942383,6898.81982421875,63.97999954223633,,,4.125999927520752,14.770000457763672,157160.0,0.0,20000900.0,161782.0,6802100.0,1186100.0,74144800.0,575900.0,3261830000.0,0.0,,,0.0,0.0
2026-01-02,57.31999969482422,98.41999816894531,55.94919204711914,4329.60009765625,93.57395935058594,61.83021545410156,677.8753051757812,27.110000610351562,6858.47021484375,62.36000061035156,,,4.186999797821045,14.510000228881836,57.93000030517578,98.48999786376953,55.95913866865035,4414.7998046875,93.7784810556194,61.88981799064608,681.5466416904673,27.1200008392334,6894.8701171875,63.959999084472656,,,4.197000026702881,15.420000076293945,56.599998474121094,98.1500015258789,55.52141521680993,4319.7001953125,93.56421809880396,61.34343993135997,674.5512924418268,27.040000915527344,6824.31005859375,62.36000061035156,,,4.158999919891357,14.460000038146973,57.40999984741211,98.23999786376953,55.60099957397547,4340.0,93.7784810556194,61.42291503286121,680.3956585252009,27.079999923706055,6878.10986328125,63.959999084472656,,,4.160999774932861,14.850000381469727,189503.0,0.0,38255900.0,154807.0,6611800.0,3187000.0,89377200.0,2375000.0,4184120000.0,0.0,,,0.0,0.0
2026-01-05,58.31999969482422,98.2699966430664,56.565982818603516,4451.5,93.85639953613281,62.257381439208984,682.3900146484375,27.06999969482422,6902.0498046875,64.70999908447266,51832.80078125,5923.68994140625,4.164999961853027,14.899999618530273,58.5099983215332,98.86000061035156,56.565982818603516,4467.60009765625,93.86613335786183,62.277250214768785,684.086783636805,27.190000534057617,6920.3798828125,64.70999908447266,52033.23828125,5924.60009765625,4.190999984741211,15.270000457763672,56.310001373291016,98.25,56.06856827224924,4354.60009765625,93.66161164557842,61.34344050094701,681.060433809282,27.049999237060547,6891.56005859375,62.36000061035156,50995.671875,5863.16015625,4.1529998779296875,14.649999618530273,57.470001220703125,98.4800033569336,56.29737850817558,4368.2998046875,93.72005172794387,61.55205695995271,681.2191671325683,27.170000076293945,6892.18994140625,62.36000061035156,51010.28125,5863.16015625,4.183000087738037,15.140000343322754,301483.0,0.0,37082500.0,211711.0,8693200.0,3309800.0,71927200.0,1632900.0,5771930000.0,0.0,139400000.0,21697000.0,0.0,0.0
2026-01-06,57.130001068115234,98.58000183105469,56.98381042480469,4496.10009765625,93.78822326660156,62.297115325927734,686.4483642578125,27.15999984741211,6944.81982421875,65.81999969482422,52518.078125,5931.7900390625,4.178999900817871,14.75,58.869998931884766,98.62999725341797,57.13303630986537,4508.2998046875,93.80769833996668,62.76402205016526,686.9544213697425,27.15999984741211,6948.68994140625,65.81999969482422,52523.76953125,5943.2099609375,4.197000026702881,15.210000038146973,56.84000015258789,98.16000366210938,56.86443199373929,4437.89990234375,93.59343538095992,62.287182833522806,682.4496288665487,27.09000015258789,6904.02001953125,64.70999908447266,52024.62109375,5895.759765625,4.164999961853027,14.630000114440918,58.34000015258789,98.41000366210938,56.87437861508978,4459.7998046875,93.73952443759163,62.53553682903958,682.5984300063299,27.100000381469727,6908.02978515625,64.70999908447266,52157.21875,5926.72998046875,4.172999858856201,15.0,292067.0,0.0,29801700.0,176584.0,12834100.0,2999900.0,69273800.0,1253200.0,5509680000.0,0.0,151900000.0,18594300.0,0.0,0.0
2026-01-07,55.9900016784668,98.68000030517578,56.556034088134766,4462.5,93.9635238647461,61.47258377075195,684.2356567382812,27.200000762939453,6920.93017578125,66.1500015258789,51961.98046875,5923.56982421875,4.138000011444092,15.380000114440918,57.16999816894531,98.75,56.755000671601,4512.39990234375,94.03169776365039,61.8302141407482,688.5817158514149,27.200000762939453,6965.68994140625,66.1500015258789,52404.109375,5934.990234375,4.160999774932861,15.479999542236328,55.7599983215332,98.5,56.50629339101119,4432.89990234375,93.82716863653982,61.47258377075195,683.9776620917838,27.139999389648438,6919.18994140625,65.81999969482422,51830.3984375,5911.7001953125,4.124000072479248,14.829999923706055,57.0,98.58000183105469,56.73510363375719,4505.39990234375,94.00247400949337,61.80040908352762,686.8254142672773,27.149999618530273,6945.06982421875,65.81999969482422,52144.640625,5926.5400390625,4.131999969482422,14.949999809265137,383128.0,0.0,26931300.0,202783.0,7990900.0,2576300.0,75588300.0,1122800.0,5214480000.0,0.0,138600000.0,21467300.0,0.0,0.0
2026-01-08,57.7599983215332,98.93000030517578,56.575931549072266,4460.7001953125,93.68109130859375,61.86994934082031,684.1661987304688,27.270000457763672,6921.4599609375,66.94000244140625,51117.26171875,5904.31982421875,4.183000087738037,15.449999809265137,58.7400016784668,98.9800033569336,56.59582858706488,4489.2998046875,93.79795660898372,61.899754398734466,685.2675815209567,27.280000686645508,6931.27978515625,66.94000244140625,51866.19140625,5935.08984375,4.186999797821045,15.850000381469727,55.970001220703125,98.68000030517578,56.32722426662254,4415.0,93.6713500567619,61.085153554600744,682.1618346683338,27.219999313354492,6899.330078125,66.1500015258789,51052.828125,5896.72021484375,4.160999774932861,15.149999618530273,56.41999816894531,98.73999786376953,56.45655311608855,4467.10009765625,93.72004888552308,61.11495482293348,683.4815439165204,27.25,6914.10986328125,66.1500015258789,51769.828125,5913.27978515625,4.166999816894531,15.6899995803833,334134.0,0.0,27719800.0,208958.0,6931700.0,2388100.0,64019200.0,591000.0,5333200000.0,0.0,135400000.0,16358100.0,0.0,0.0
2026-01-09,59.119998931884766,99.12999725341797,56.84453582763672,4500.89990234375,93.78822326660156,61.81034469604492,688.6908569335938,27.329999923706055,6966.27978515625,61.54999923706055,51939.890625,5997.47021484375,4.171000003814697,14.489999771118164,59.77000045776367,99.26000213623047,56.864432865614674,4527.0,93.86613099046014,61.88981600541556,689.9212370510019,27.360000610351562,6978.35986328125,66.94000244140625,51986.91015625,5999.47998046875,4.210999965667725,15.8100004196167,57.61000061035156,98.9000015258789,56.41675899854058,4461.7998046875,93.5642190557132,61.403044287869484,683.8387406584166,27.299999237060547,6917.64013671875,61.54999923706055,51189.140625,5916.47998046875,4.158999919891357,14.430000305175781,58.400001525878906,98.91000366210938,56.58588192386722,4489.2998046875,93.65187546185145,61.790475921306935,685.2775150455628,27.299999237060547,6927.830078125,66.94000244140625,51367.98046875,5916.47998046875,4.186999797821045,15.680000305175781,360309.0,0.0,31540700.0,217946.0,10277300.0,1760500.0,80125500.0,806900.0,5163900000.0,0.0,133100000.0,18084100.0,0.0,0.0
2026-01-12,59.5,98.86000061035156,57.64039611816406,4614.7001953125,93.67134857177734,63.8369140625,689.7723999023438,27.280000686645508,6977.27001953125,62.900001525878906,,6016.2998046875,4.186999797821045,15.119999885559082,59.90999984741211,99.25,57.670243571449944,4640.5,93.78822130071256,63.89651659696287,690.6952455853734,27.280000686645508,6986.330078125,62.900001525878906,,6018.9599609375,4.201000213623047,16.65999984741211,58.45000076293945,98.66999816894531,56.91417133773779,4520.7998046875,93.61291592250869,62.565339009960255,685.2775394384523,27.219999313354492,6934.06982421875,61.54999923706055,,5968.490234375,4.169000148773193,15.029999732971191,59.0,99.16999816894531,56.944018791023666,4529.10009765625,93.64213224714301,62.60507655932303,685.3271398200249,27.25,6944.1201171875,61.54999923706055,,5995.2099609375,4.197000026702881,16.059999465942383,309700.0,0.0,47304300.0,307991.0,6360600.0,3459300.0,63976000.0,991700.0,5019040000.0,0.0,,16605400.0,0.0,0.0
2026-01-13,61.150001525878906,99.12999725341797,57.21261978149414,4599.10009765625,93.78822326660156,63.101783752441406,688.3931884765625,27.350000381469727,6963.740234375,60.790000915527344,53549.16015625,6029.830078125,4.171000003814697,15.979999542236328,61.5,99.2300033569336,57.5110715470036,4644.0,93.85639716897661,63.45941411298046,690.6952153647912,27.3700008392334,6985.830078125,62.900001525878906,53814.7890625,6041.72021484375,4.195000171661377,16.5,59.470001220703125,98.8499984741211,57.08329473107667,4576.7001953125,93.6908256085817,62.823628489613796,685.9919002674054,27.270000457763672,6938.77001953125,60.790000915527344,52741.640625,6007.72021484375,4.156000137329102,14.75,59.95000076293945,98.9000015258789,57.47127747227276,4610.0,93.8271734133318,63.320336481566656,690.0998291255927,27.270000457763672,6977.41015625,62.900001525878906,52808.2890625,6022.16015625,4.192999839782715,15.359999656677246,411190.0,0.0,34414900.0,267451.0,7622500.0,2550700.0,78309700.0,747800.0,5091730000.0,0.0,168500000.0,18282300.0,0.0,0.0
2026-01-14,62.02000045776367,99.12999725341797,57.45138168334961,4635.7001953125,93.98300170898438,63.131587982177734,685.0096435546875,27.329999923706055,6926.60009765625,58.11000061035156,54341.23046875,6005.0498046875,4.139999866485596,16.75,62.36000061035156,99.25,57.47127872114741,4650.5,94.08039193452032,63.18125802578788,686.3590889175136,27.350000381469727,6941.2998046875,60.790000915527344,54487.3203125,6052.85986328125,4.169000148773193,18.100000381469727,59.189998626708984,98.93000030517578,57.14298328994174,4594.2998046875,93.85639515882744,62.80376266268562,680.7231166120667,27.280000686645508,6885.740234375,58.11000061035156,53792.6796875,6004.14990234375,4.131999969482422,16.219999313354492,61.119998931884766,99.19000244140625,57.28226255452628,4594.2998046875,93.86612898010249,62.97264156887641,685.6446980414748,27.309999465942383,6937.41015625,60.790000915527344,53827.23828125,6030.89990234375,4.159999847412109,16.329999923706055,410261.0,0.0,45156200.0,306299.0,7331200.0,5400800.0,94676700.0,535700.0,5530830000.0,0.0,144500000.0,20742500.0,0.0,0.0
2026-01-15,59.189998626708984,99.31999969482422,57.78962326049805,4623.7001953125,93.78822326660156,63.17132568359375,686.8750610351562,27.43000030517578,6944.47021484375,56.13999938964844,54110.5,6041.14013671875,4.159999847412109,15.84000015258789,61.13999938964844,99.48999786376953,58.07812461373446,4637.2001953125,94.00247879521024,63.45941724263383,690.0602050162862,27.450000762939453,6979.33984375,58.11000061035156,54153.609375,6053.68017578125,4.164000034332275,16.540000915527344,58.880001068115234,99.08999633789062,57.63045075439725,4584.0,93.76874076283835,62.56534129719268,685.8927433241695,27.389999389648438,6937.93017578125,56.13999938964844,53709.87109375,6004.35009765625,4.136000156402588,15.300000190734863,61.060001373291016,99.12999725341797,57.84931437340031,4635.7001953125,93.99274497372672,62.903102899961404,689.1870202593807,27.40999984741211,6969.4599609375,58.11000061035156,54039.3984375,6006.02978515625,4.138000011444092,16.520000457763672,113642.0,0.0,60438100.0,226481.0,6172500.0,3054700.0,77862000.0,700000.0,5114050000.0,0.0,150900000.0,19463500.0,0.0,0.0
2026-01-16,59.439998626708984,99.38999938964844,57.57075881958008,4595.39990234375,93.4278793334961,62.108367919921875,686.2994995117188,27.43000030517578,6940.009765625,58.04999923706055,53936.171875,6029.4501953125,4.230999946594238,15.859999656677246,60.18000030517578,99.4800033569336,57.71003428605841,4625.5,93.74927379981037,62.525600815180276,688.869453251486,27.450000762939453,6967.2998046875,58.04999923706055,54130.6015625,6045.60986328125,4.232999801635742,16.290000915527344,58.939998626708984,99.16000366210938,57.272310849273396,4539.10009765625,93.40840425844617,61.770606332987406,684.7515921796883,27.3700008392334,6925.08984375,56.13999938964844,53706.7890625,6003.669921875,4.181000232696533,15.300000190734863,59.2599983215332,99.37000274658203,57.6702440063302,4621.60009765625,93.7200574720361,62.49579954825646,688.2839991969948,27.3799991607666,6960.5400390625,56.13999938964844,54071.28125,6039.759765625,4.195000171661377,15.4399995803833,113794.0,0.0,30624000.0,246155.0,11979300.0,2265700.0,79289200.0,1463100.0,5356550000.0,0.0,144300000.0,20460400.0,0.0,0.0
2026-01-19,,,,,,,,,,,53583.5703125,5925.81982421875,,,,,,,,,,,,,53583.5703125,5974.89013671875,,,,,,,,,,,,,53091.44921875,5919.41015625,,,,,,,,,,,,,53390.05078125,5974.89013671875,,,,,,,,,,,,,122900000.0,18149000.0,,
2026-01-20,60.34000015258789,98.63999938964844,57.01365661621094,4765.7998046875,93.05779266357422,61.24409866333008,672.32861328125,27.209999084472656,6796.85986328125,66.66999816894531,52991.1015625,5892.080078125,4.295000076293945,20.09000015258789,60.68000030517578,99.13999938964844,57.45138005040513,4771.5,93.22335680646944,61.869948022470176,679.4628915199756,27.229999542236328,6871.169921875,66.66999816894531,53408.3515625,5910.47998046875,4.310999870300293,20.989999771118164,58.70000076293945,98.25,56.944018883383954,4622.2001953125,93.03831015829321,61.17455984564785,671.3264313278333,27.149999618530273,6789.0498046875,58.04999923706055,52852.8984375,5836.5400390625,4.269000053405762,18.639999389648438,59.0099983215332,99.13999938964844,57.05344689570364,4633.7001953125,93.1064840659794,61.44277883408998,676.2082832182709,27.170000076293945,6865.240234375,58.04999923706055,53348.58984375,5910.47998046875,4.2789998054504395,19.940000534057617,499595.0,0.0,37026900.0,414495.0,13607700.0,2877700.0,111623300.0,931300.0,5769500000.0,0.0,126800000.0,19942100.0,0.0,0.0
2026-01-21,60.619998931884766,98.76000213623047,57.958744049072266,4837.5,93.30126190185547,62.07856750488281,680.0880737304688,27.270000457763672,6875.6201171875,59.560001373291016,52774.640625,5882.8798828125,4.252999782562256,16.899999618530273,60.88999938964844,98.87000274658203,58.17760767434812,4891.10009765625,93.34021204741838,62.3368539974565,683.402154325963,27.299999237060547,6910.39013671875,66.66999816894531,52848.78125,5899.240234375,4.301000118255615,20.809999465942383,59.220001220703125,98.37999725341797,57.62050198954231,4757.10009765625,93.06751644609085,61.66133081431756,672.8743979165272,27.18000030517578,6804.9599609375,59.560001373291016,52194.80859375,5822.919921875,4.249000072479248,16.670000076293945,59.56999969482422,98.61000061035156,57.69014352074354,4767.5,93.1649141011917,62.07856750488281,674.3826370735425,27.18000030517578,6810.7099609375,66.66999816894531,52228.078125,5894.27978515625,4.281000137329102,19.309999465942383,333062.0,0.0,44193800.0,400518.0,11969000.0,4120500.0,127844500.0,1005400.0,5835520000.0,0.0,139000000.0,20135900.0,0.0,0.0
2026-01-22,59.36000061035156,98.36000061035156,58.39646911621094,4913.39990234375,93.2915267944336,62.36665725708008,683.6403198242188,27.149999618530273,6913.35009765625,56.5,53688.890625,5956.169921875,4.249000072479248,15.640000343322754,60.81999969482422,98.83000183105469,58.62527935454787,4944.2998046875,93.3597006992554,62.734223917305464,685.7736813437502,27.219999313354492,6934.75,59.560001373291016,53922.53125,5979.22998046875,4.2769999504089355,16.670000076293945,58.959999084472656,98.27999877929688,58.19750253657869,4772.7001953125,93.15517898478998,62.30705472051055,681.5962874434288,27.1200008392334,6893.6201171875,56.5,53242.37890625,5902.68994140625,4.243000030517578,15.270000457763672,60.68000030517578,98.79000091552734,58.39646911621094,4836.2001953125,93.20387038514936,62.40639480784738,684.5035723961656,27.209999084472656,6914.43994140625,59.560001373291016,53327.390625,5902.68994140625,4.258999824523926,16.649999618530273,324349.0,0.0,33731400.0,265088.0,10209500.0,2527200.0,77112200.0,826800.0,5307580000.0,0.0,150900000.0,22478400.0,0.0,0.0
2026-01-23,61.06999969482422,97.5999984741211,58.764556884765625,4979.7001953125,93.44733428955078,62.32692337036133,683.8883056640625,26.90999984741211,6915.60986328125,56.25,53846.87109375,5948.2001953125,4.238999843597412,16.09000015258789,61.36000061035156,98.4800033569336,58.84414503740126,4991.39990234375,93.4668167908049,62.36665713146718,685.6049389887335,27.139999389648438,6932.9599609375,56.5,54050.83984375,5955.990234375,4.263000011444092,16.209999084472656,59.52000045776367,97.43000030517578,58.12786684356852,4901.2001953125,93.25255385939236,61.89975417442678,681.8343413244536,26.90999984741211,6895.5,56.25,53603.6796875,5915.97998046875,4.232999801635742,15.300000190734863,59.65999984741211,98.33000183105469,58.257195694115424,4940.0,93.33046900361458,62.148108181850056,682.8167194920136,27.1299991607666,6907.85009765625,56.5,53898.44921875,5947.6298828125,4.236999988555908,15.680000305175781,283419.0,0.0,31584700.0,276594.0,8147500.0,2493800.0,63059600.0,686100.0,4871930000.0,0.0,129500000.0,17028900.0,0.0,0.0
2026-01-26,60.630001068115234,97.04000091552734,58.864036560058594,5082.5,93.58369445800781,62.2474479675293,687.3612060546875,26.780000686645508,6950.22998046875,55.77000045776367,52885.25,5957.7998046875,4.2129998207092285,16.149999618530273,61.709999084472656,97.33000183105469,59.082900178437455,5107.89990234375,93.65187579102059,62.446131930422,688.7503800429489,26.81999969482422,6964.66015625,56.25,53138.671875,5971.35986328125,4.229000091552734,17.389999389648438,60.31999969482422,96.80999755859375,58.68497081180629,4983.60009765625,93.53500305922482,61.969292693228354,684.5729864520383,26.719999313354492,6921.60009765625,55.77000045776367,52656.0,5926.2998046875,4.203000068664551,15.800000190734863,61.220001220703125,97.02999877929688,58.7347115082637,5013.39990234375,93.59343570992365,62.088501555131415,685.138576123168,26.809999465942383,6923.22998046875,56.25,53023.28125,5948.97021484375,4.2129998207092285,16.899999618530273,281062.0,0.0,37945000.0,433111.0,6803800.0,2987700.0,60473800.0,1392400.0,4968050000.0,0.0,138300000.0,15630300.0,0.0,0.0
2026-01-27,62.38999938964844,96.22000122070312,60.02798843383789,5082.60009765625,93.47657775878906,62.87329864501953,690.0997924804688,26.469999313354492,6978.60009765625,56.119998931884766,53333.5390625,5994.58984375,4.2230000495910645,16.350000381469727,62.630001068115234,97.29000091552734,60.05783209263982,5190.7998046875,93.64214190238648,62.97263872775793,691.1317710154308,26.670000076293945,6988.81982421875,56.119998931884766,53334.03125,6004.5400390625,4.238999843597412,16.3700008392334,60.13999938964844,95.55000305175781,59.570367955672936,5004.5,93.44735400074362,62.634877141033634,688.1946898528689,26.399999618530273,6958.830078125,55.77000045776367,52637.66015625,5960.02001953125,4.206999778747559,15.739999771118164,60.779998779296875,97.05000305175781,59.65990272705059,5005.5,93.52526916140076,62.863362362996945,688.799947686109,26.65999984741211,6965.9599609375,55.77000045776367,52847.5390625,5972.97021484375,4.235000133514404,16.020000457763672,360208.0,0.0,62222300.0,325759.0,9857200.0,2110000.0,55506100.0,1780800.0,5331720000.0,0.0,136700000.0,18479800.0,0.0,0.0
2026-01-28,63.209999084472656,96.44999694824219,60.43586730957031,5303.60009765625,93.39865112304688,63.48921585083008,690.0303344726562,26.6299991607666,6978.02978515625,57.43000030517578,53358.7109375,5933.2001953125,4.250999927520752,16.350000381469727,63.56999969482422,96.79000091552734,60.55524573796007,5415.2001953125,93.44734251967628,63.807112454452984,692.4316225777728,26.739999771118164,7002.27978515625,57.43000030517578,53507.1796875,6024.5498046875,4.270999908447266,17.18000030517578,62.06999969482422,95.86000061035156,60.057831192202286,5154.7998046875,93.23308699979088,63.21106058593896,688.5618241580821,26.559999465942383,6963.4599609375,56.119998931884766,52788.1015625,5933.2001953125,4.235000133514404,16.049999237060547,62.58000183105469,95.97000122070312,60.55524573796007,5179.0,93.41812619561908,63.76737490530246,691.6477064811113,26.600000381469727,7002.0,56.119998931884766,53023.87890625,5988.60009765625,4.235000133514404,16.09000015258789,354864.0,0.0,52067700.0,112054.0,17032400.0,3109500.0,61172200.0,2744700.0,5507670000.0,0.0,149800000.0,20220600.0,0.0,0.0
2026-01-29,65.41999816894531,96.27999877929688,60.127471923828125,5318.39990234375,93.49605560302734,63.80711364746094,688.6610717773438,26.59000015258789,6969.009765625,60.72999954223633,53375.6015625,5891.9501953125,4.2270002365112305,16.8799991607666,66.4800033569336,96.66000366210938,60.63483691098977,5586.2001953125,93.5837045885637,64.48263683732506,691.657685737667,26.709999084472656,6992.83984375,60.72999954223633,53742.69140625,5973.25,4.270999908447266,19.739999771118164,63.279998779296875,96.0199966430664,59.24207459541617,5097.5,93.28179262007325,63.022310300599024,679.5224893166136,26.56999969482422,6870.7998046875,57.43000030517578,52990.421875,5879.16015625,4.2230000495910645,16.020000457763672,63.5,96.16000366210938,60.54530213648901,5415.7001953125,93.30127512601393,64.19454528496921,690.9928952881424,26.56999969482422,6977.740234375,57.43000030517578,53301.26171875,5963.64013671875,4.247000217437744,16.040000915527344,560007.0,0.0,70851900.0,570055.0,11049100.0,4582400.0,97486200.0,1592500.0,6877780000.0,0.0,154500000.0,22881200.0,0.0,0.0
2026-01-30,65.20999908447266,96.98999786376953,58.79439926147461,4745.10009765625,93.4376220703125,61.98916244506836,686.6071166992188,26.850000381469727,6939.02978515625,59.20000076293945,53322.8515625,5947.81005859375,4.241000175476074,17.440000534057617,66.11000061035156,97.1500015258789,59.759384718777284,5480.2001953125,93.55448738326572,62.88323460779885,688.8298072906449,26.850000381469727,6964.08984375,60.72999954223633,53590.23828125,5965.259765625,4.261000156402588,19.270000457763672,63.63999938964844,96.31999969482422,58.52579873962087,4700.39990234375,93.4084057420742,61.552056961901876,681.7947290319643,26.700000762939453,6893.47998046875,59.20000076293945,52923.12109375,5887.919921875,4.236000061035156,16.670000076293945,65.5199966430664,96.31999969482422,59.50073081829994,5410.0,93.48631347391007,62.684550641776035,686.4285189892349,26.729999542236328,6947.27001953125,60.72999954223633,53434.73046875,5887.919921875,4.247000217437744,18.719999313354492,449325.0,0.0,73861200.0,508003.0,8238500.0,4691600.0,101835100.0,2763800.0,6697340000.0,0.0,156800000.0,23272800.0,0.0,0.0
2026-02-02,62.13999938964844,97.61000061035156,58.97346878051758,4652.60009765625,93.25392150878906,61.20436096191406,690.0205078125,26.989999771118164,6976.43994140625,59.29999923706055,52655.1796875,6007.509765625,4.275000095367432,16.34000015258789,64.73999786376953,97.7300033569336,59.16248874133456,4905.60009765625,93.50796076604998,61.50238500689788,691.528747109235,27.030000686645508,6991.919921875,59.29999923706055,54247.1484375,6017.85009765625,4.281000137329102,19.959999084472656,61.38999938964844,97.01000213623047,58.25719439759756,4423.2001953125,93.25392150878906,61.05534704463148,684.0769403301045,26.90999984741211,6914.33984375,59.20000076293945,52655.1796875,5890.31982421875,4.230999946594238,16.079999923706055,64.72000122070312,97.19000244140625,58.27709143531366,4816.0,93.47864911749227,61.23416222953804,684.2357342361453,26.959999084472656,6916.64013671875,59.20000076293945,53575.37109375,5901.25,4.236000061035156,19.950000762939453,414083.0,0.0,44512300.0,385977.0,8987100.0,3441400.0,79286500.0,2780900.0,5772050000.0,0.0,153800000.0,22648400.0,0.0,0.0
2026-02-03,63.209999084472656,97.44000244140625,59.291812896728516,4935.0,93.34185791015625,60.66791534423828,684.18603515625,26.920000076293945,6917.81005859375,57.540000915527344,54720.66015625,5995.35009765625,4.27400016784668,18.0,64.20999908447266,97.69000244140625,59.67979943386292,5018.10009765625,93.38094259372309,60.975875671164744,691.5584439188771,26.989999771118164,6993.080078125,59.29999923706055,54782.828125,6073.33984375,4.300000190734863,20.3700008392334,61.119998931884766,97.30000305175781,58.72476061280296,4690.2001953125,93.18552663053005,60.11160101515281,678.7286612443456,26.899999618530273,6862.0498046875,57.540000915527344,53307.73828125,5973.41015625,4.265999794006348,16.049999237060547,62.279998779296875,97.5199966430664,59.62010832161797,4691.0,93.20506524499288,60.737454161676304,690.8142565672537,26.979999542236328,6985.4501953125,59.29999923706055,53332.1796875,6027.8798828125,4.289999961853027,16.15999984741211,381144.0,0.0,41132300.0,260114.0,7313800.0,4704200.0,107904600.0,1165000.0,7017660000.0,0.0,156900000.0,23281700.0,0.0,0.0
2026-02-04,65.13999938964844,97.62000274658203,58.49595260620117,4950.7998046875,93.32230377197266,59.91292190551758,680.8719482421875,27.010000228881836,6882.72021484375,57.5099983215332,54293.359375,5970.47021484375,4.275000095367432,18.639999389648438,65.52999877929688,97.7300033569336,59.60021355753559,5113.89990234375,93.42001173731592,60.568576331238866,686.0911923060062,27.030000686645508,6936.08984375,57.540000915527344,54459.41015625,6028.89990234375,4.289999961853027,21.239999771118164,62.86000061035156,97.30999755859375,58.2472453214852,4867.7001953125,93.22459580662938,59.545355247317936,676.4762885369656,26.950000762939453,6838.7998046875,57.5099983215332,53965.51171875,5970.47021484375,4.261000156402588,17.469999313354492,63.79999923706055,97.43000030517578,59.58031651936167,4966.10009765625,93.26367302905476,60.55864004881109,684.9996810996682,26.969999313354492,6924.5,57.540000915527344,54250.41015625,5989.06982421875,4.26800012588501,17.6299991607666,446588.0,0.0,50852400.0,245957.0,7268600.0,6893000.0,105204600.0,1122400.0,7475750000.0,0.0,186300000.0,31558500.0,0.0,0.0
2026-02-05,63.290000915527344,97.81999969482422,58.22734832763672,4889.5,93.8694839477539,59.70429992675781,672.3683471679688,27.09000015258789,6798.39990234375,62.15999984741211,53818.0390625,5925.7001953125,4.210000038146973,21.770000457763672,64.66999816894531,97.98999786376953,58.724762897447306,5045.0,93.8987955948925,60.54870579828033,678.3913111024622,27.09000015258789,6857.85009765625,62.15999984741211,54459.078125,5999.419921875,4.25600004196167,23.100000381469727,62.650001525878906,97.61000061035156,57.918953723136234,4779.60009765625,93.51772927280935,59.64469739224699,670.5525129616972,27.0,6780.1298828125,57.5099983215332,53653.05859375,5892.58984375,4.203999996185303,19.059999465942383,64.48999786376953,97.66999816894531,58.24724536582578,4986.60009765625,93.60567166886582,60.310284291493154,675.6626239798336,27.010000228881836,6837.39013671875,57.5099983215332,54289.05078125,5988.25,4.251999855041504,19.239999771118164,389763.0,0.0,50880900.0,234592.0,12086800.0,4829000.0,113610800.0,1840300.0,6989120000.0,0.0,213200000.0,29624600.0,0.0,0.0
2026-02-06,63.54999923706055,97.62999725341797,59.75938415527344,4979.7998046875,93.8694839477539,61.26396179199219,685.267578125,27.010000228881836,6932.2998046875,63.619998931884766,54253.6796875,5998.39990234375,4.205999851226807,20.3700008392334,64.58000183105469,97.94999694824219,59.77928119281052,4995.60009765625,93.92810724203112,61.26396179199219,686.9444827733389,27.020000457763672,6944.89013671875,63.619998931884766,54253.6796875,6001.97021484375,4.223999977111816,21.489999771118164,62.20000076293945,97.55999755859375,58.913780932292646,4670.0,93.72291825742023,60.479166046280454,675.5732778299765,26.969999313354492,6816.740234375,62.15999984741211,52950.1484375,5904.330078125,4.193999767303467,19.989999771118164,63.099998474121094,97.94999694824219,58.93367796982973,4800.0,93.91834166274536,60.499034820670545,676.1785962582386,27.020000457763672,6816.740234375,62.15999984741211,53435.37109375,5925.91015625,4.203999996185303,21.239999771118164,448924.0,0.0,37534800.0,177809.0,7759900.0,2760800.0,89127600.0,1305200.0,6283680000.0,0.0,188900000.0,21356700.0,0.0,0.0
2026-02-09,64.36000061035156,96.81999969482422,60.19710922241211,5079.39990234375,93.88902282714844,61.56199264526367,688.5718383789062,26.790000915527344,6964.81982421875,62.7400016784668,56363.94140625,6059.009765625,4.197999954223633,17.360000610351562,64.87999725341797,97.76000213623047,60.33638848893437,5111.10009765625,93.92810750832427,61.69113400077728,690.4769412520913,26.850000381469727,6980.10009765625,63.619998931884766,57337.0703125,6059.009765625,4.23799991607666,19.200000762939453,62.619998931884766,96.79000091552734,59.59026663851047,4988.60009765625,93.73269155708579,61.05534834735781,683.0053309088385,26.780000686645508,6905.8701171875,62.7400016784668,55018.5703125,5994.52001953125,4.196000099182129,16.899999618530273,62.9900016784668,97.69999694824219,59.65990437428561,5003.60009765625,93.81086091943746,61.23416353607971,684.0769172088077,26.809999465942383,6917.259765625,63.619998931884766,55130.62890625,6012.6201171875,4.23799991607666,17.950000762939453,298005.0,0.0,35324300.0,124150.0,8165100.0,3245700.0,73885200.0,1344900.0,5650260000.0,0.0,205000000.0,19618700.0,0.0,0.0
2026-02-10,63.959999084472656,96.80000305175781,60.286643981933594,5031.0,94.29940795898438,61.58185958862305,686.7559204101562,26.799999237060547,6941.81005859375,64.55000305175781,57650.5390625,6047.06005859375,4.146999835968018,17.790000915527344,64.70999908447266,97.01000213623047,60.50550760573029,5102.7001953125,94.3384926400387,61.83021358895055,691.1416475283962,26.809999465942383,6986.830078125,64.55000305175781,57960.19140625,6078.2900390625,4.176000118255615,17.969999313354492,63.650001525878906,96.61000061035156,60.107574434276664,5011.0,94.20169998366892,61.22422922181844,686.2994637039938,26.729999542236328,6937.52978515625,62.7400016784668,56812.01171875,6045.990234375,4.135000228881836,17.139999389648438,64.44000244140625,97.0,60.40602621035287,5084.2998046875,94.22123859687574,61.46264693996731,689.5640042757049,26.729999542236328,6974.490234375,62.7400016784668,56812.01171875,6065.77978515625,4.176000118255615,17.469999313354492,276292.0,0.0,32247100.0,105658.0,9752300.0,1777300.0,65185700.0,1037900.0,5595950000.0,0.0,191500000.0,21191000.0,0.0,0.0
2026-02-11,64.62999725341797,96.83000183105469,61.24168014526367,5098.5,94.03559112548828,61.522254943847656,686.5972290039062,26.829999923706055,6941.47021484375,61.349998474121094,,6035.64013671875,4.171999931335449,17.649999618530273,65.83000183105469,97.2699966430664,61.31131787796442,5144.5,94.24078011637074,61.61166253798962,691.7370759669038,26.8700008392334,6993.47998046875,64.55000305175781,,6069.7900390625,4.205999851226807,18.959999084472656,64.1500015258789,96.48999786376953,60.46571087449964,5036.2998046875,93.95742921560989,60.92620684262211,683.8387453470867,26.760000228881836,6911.97021484375,61.349998474121094,,6011.93017578125,4.125,16.75,64.19999694824219,96.91000366210938,60.86364402847975,5048.0,93.97696782941925,61.353372248432194,690.9928885783248,26.81999969482422,6976.47998046875,64.55000305175781,,6041.77978515625,4.132999897003174,17.8700008392334,340194.0,0.0,38158900.0,129968.0,9106600.0,1984000.0,76353900.0,1454400.0,6175510000.0,0.0,,25928100.0,0.0,0.0
2026-02-12,62.84000015258789,96.93000030517578,60.5452995300293,4948.39990234375,94.6120834350586,60.18114471435547,675.9901123046875,26.81999969482422,6832.759765625,68.56999969482422,57639.83984375,6011.2900390625,4.104000091552734,20.81999969482422,65.0999984741211,97.06999969482422,61.58986932425503,5122.7998046875,94.63162204939758,61.105018132738884,689.9609473653614,26.860000610351562,6973.22021484375,68.56999969482422,58015.078125,6099.06982421875,4.169000148773193,21.209999084472656,62.38999938964844,96.73999786376953,60.36622998873667,4900.0,94.18215937318992,59.87318438184006,675.097063165144,26.770000457763672,6824.0400390625,61.349998474121094,57554.48828125,6003.7099609375,4.099999904632568,17.079999923706055,64.87000274658203,96.95999908447266,61.520231590971434,5107.2998046875,94.19193240767997,61.03547931403886,688.8595645054852,26.809999465942383,6957.5400390625,61.349998474121094,57864.73828125,6064.64990234375,4.1579999923706055,17.440000534057617,369303.0,0.0,48070600.0,161618.0,13099900.0,4028600.0,118829000.0,1103000.0,7118700000.0,0.0,190000000.0,25676500.0,0.0,0.0
2026-02-13,62.88999938964844,96.87999725341797,60.803955078125,5046.2998046875,94.98336791992188,59.95265579223633,676.46630859375,26.81999969482422,6836.169921875,70.0999984741211,56941.96875,5985.22998046875,4.056000232696533,20.600000381469727,63.2599983215332,97.16000366210938,60.893489851204386,5069.10009765625,95.03222563319171,60.13147098049733,680.96122930703,26.889999389648438,6881.9599609375,70.0999984741211,57407.25,6015.18017578125,4.105999946594238,22.399999618530273,62.13999938964844,96.80000305175781,59.81907636922372,4907.10009765625,94.86611388085849,59.4758165534008,672.2691112734435,26.799999237060547,6794.5498046875,68.56999969482422,56652.48046875,5957.93017578125,4.046000003814697,18.920000076293945,62.9900016784668,96.94000244140625,60.406025704972585,4950.0,94.89543298160464,59.64469924879459,676.4067760275798,26.81999969482422,6834.27001953125,68.56999969482422,57197.328125,6011.02001953125,4.099999904632568,21.479999542236328,255793.0,0.0,40091300.0,123016.0,11681500.0,4307500.0,96267500.0,840600.0,5718360000.0,0.0,210000000.0,31139200.0,0.0,0.0
2026-02-16,,,,,,,,,,,56806.41015625,5978.8798828125,,,,,,,,,,,,,57219.19921875,6015.97021484375,,,,,,,,,,,,,56748.1796875,5978.81982421875,,,,,,,,,,,,,57212.96875,5993.2998046875,,,,,,,,,,,,,137400000.0,18938100.0,,
2026-02-17,62.33000183105469,97.16000366210938,60.55524826049805,4905.89990234375,94.97360229492188,60.21094512939453,677.5578002929688,26.90999984741211,6843.22021484375,68.83999633789062,56566.48828125,6021.85009765625,4.052000045776367,20.290000915527344,64.13999938964844,97.55000305175781,60.76416526259771,5074.39990234375,95.08108330878744,60.39969280753729,679.6316291710169,27.010000228881836,6866.990234375,70.0999984741211,56926.23828125,6026.5400390625,4.059999942779541,22.959999084472656,61.869998931884766,97.06999969482422,59.87876414648956,4854.2001953125,94.92475203248179,59.714237123099686,670.5426469985775,26.889999389648438,6775.5,68.83999633789062,56135.12109375,5954.14013671875,4.025000095367432,19.760000228881836,63.29999923706055,97.12000274658203,60.40602616753769,5050.0,95.02246001200295,60.121537536678204,674.8688419019007,26.950000762939453,6819.85986328125,70.0999984741211,56819.37109375,5975.43017578125,4.031000137329102,21.739999771118164,328727.0,0.0,38127200.0,166706.0,8623800.0,2146400.0,81354700.0,1048600.0,5418480000.0,0.0,132600000.0,18931000.0,0.0,0.0
2026-02-18,65.19000244140625,97.69999694824219,60.873592376708984,5009.5,94.77819061279297,60.5487060546875,680.9711303710938,27.079999923706055,6881.31005859375,64.19000244140625,57143.83984375,6103.3701171875,4.078999996185303,19.6200008392334,65.55999755859375,97.73999786376953,61.23173146645791,5031.89990234375,94.86612556193782,60.83679760464745,683.8090109802145,27.079999923706055,6909.1201171875,68.83999633789062,57392.890625,6107.72998046875,4.0879998207092285,20.34000015258789,62.119998931884766,97.12000274658203,60.595041438002895,4868.5,94.74887896307801,60.44936218077994,677.53798463666,26.969999313354492,6849.66015625,64.19000244140625,56734.26953125,6027.91015625,4.059999942779541,18.479999542236328,62.29999923706055,97.13999938964844,60.71441986959523,4898.5,94.80750226250792,60.53876977250609,678.7187643851827,26.989999771118164,6855.47998046875,68.83999633789062,56734.26953125,6027.91015625,4.064000129699707,19.780000686645508,115379.0,0.0,29966900.0,98203.0,7778800.0,3467900.0,73570300.0,1865700.0,5098160000.0,0.0,130100000.0,20992500.0,0.0,0.0
2026-02-19,66.43000030517578,97.93000030517578,60.724369049072266,4997.39990234375,94.86611938476562,60.320220947265625,679.1751098632812,27.1200008392334,6861.89013671875,68.02999877929688,57467.828125,6059.6201171875,4.074999809265137,20.229999542236328,66.9000015258789,98.06999969482422,60.75421270761949,5042.7998046875,94.91497710087008,60.40962853916696,680.86194660128,27.170000076293945,6879.1201171875,68.02999877929688,57709.8203125,6097.64990234375,4.105999946594238,21.110000610351562,64.87999725341797,97.56999969482422,60.26674857481295,4971.5,94.71956114573395,60.032129396741176,676.2678252760687,27.100000381469727,6833.06005859375,64.19000244140625,57362.01171875,6030.02978515625,4.065000057220459,19.229999542236328,65.0999984741211,97.7300033569336,60.515455849298036,4993.7001953125,94.73909975939122,60.320220947265625,678.5401160314528,27.15999984741211,6861.33984375,64.19000244140625,57472.078125,6097.64990234375,4.104000091552734,19.34000015258789,113408.0,0.0,38043800.0,87026.0,4993000.0,1852100.0,58649400.0,937600.0,5151690000.0,0.0,135500000.0,24622100.0,0.0,0.0
2026-02-20,66.38999938964844,97.80000305175781,62.01764678955078,5080.89990234375,94.86611938476562,60.60831069946289,684.0868530273438,27.09000015258789,6909.509765625,64.2699966430664,56825.69921875,6131.31005859375,4.085999965667725,19.09000015258789,67.05000305175781,98.08000183105469,62.03754382712185,5131.0,94.91497710087008,60.63811575746344,684.71197532004,27.15999984741211,6915.85986328125,68.02999877929688,56979.73828125,6140.9501953125,4.104000091552734,21.209999084472656,65.94000244140625,97.58999633789062,60.65473197319328,4999.2998046875,94.6707034296295,59.28706934193593,676.4465165538227,27.040000915527344,6836.330078125,64.2699966430664,56680.87890625,6059.64013671875,4.059999942779541,18.760000228881836,66.66999816894531,97.9000015258789,60.69452225336354,5015.0,94.90520406672103,59.28706934193593,677.0319706522042,27.139999389648438,6843.259765625,68.02999877929688,56979.73828125,6072.25,4.059999942779541,20.040000915527344,351351.0,0.0,56421600.0,136737.0,11200200.0,3762600.0,100034000.0,1281600.0,5432480000.0,0.0,152400000.0,23916700.0,0.0,0.0
2026-02-23,66.30999755859375,97.69999694824219,61.331214904785156,5225.60009765625,95.2081069946289,60.359954833984375,677.1013793945312,27.09000015258789,6837.75,68.02999877929688,,6113.919921875,4.0289998054504395,21.010000228881836,67.27999877929688,97.8499984741211,61.928110840682535,5257.2998046875,95.29604193666843,61.01560924610955,684.6523861034582,27.09000015258789,6916.9599609375,68.02999877929688,,6151.9599609375,4.074999809265137,22.040000915527344,65.37999725341797,97.36000061035156,61.19193564443542,5120.39990234375,94.9442872592289,60.300352298979284,675.0970153480879,27.020000457763672,6819.81982421875,64.2699966430664,,6100.47021484375,4.01800012588501,19.5,65.88999938964844,97.69999694824219,61.69930060542281,5128.7998046875,94.9442872592289,60.90633666873978,682.4992209190492,27.06999969482422,6901.25,64.2699966430664,,6113.77001953125,4.074999809265137,20.489999771118164,270365.0,0.0,36573400.0,140957.0,9862900.0,1753700.0,90558100.0,713500.0,5638350000.0,0.0,,23978400.0,0.0,0.0
2026-02-24,65.62999725341797,97.87999725341797,62.296199798583984,5176.2998046875,95.18856811523438,60.03213119506836,682.0228881835938,27.110000610351562,6890.06982421875,65.2699966430664,57321.08984375,6116.60009765625,4.0329999923706055,19.549999237060547,67.1500015258789,97.98999786376953,62.51506342417686,5269.39990234375,95.24719886899588,60.2010101017291,683.0151380016027,27.149999618530273,6899.169921875,68.02999877929688,57421.671875,6137.27001953125,4.046000003814697,22.079999923706055,65.55000305175781,97.69999694824219,61.788838606040144,5109.5,95.10063316655405,59.68443709924835,674.7298762460771,27.09000015258789,6815.43017578125,65.2699966430664,56732.9296875,6084.68994140625,4.0269999504089355,19.229999542236328,66.30999755859375,97.69999694824219,61.91816745706975,5247.5,95.20811418470197,59.71423836758108,676.6151751251432,27.1299991607666,6837.3701171875,68.02999877929688,56764.140625,6121.31005859375,4.041999816894531,21.239999771118164,312124.0,0.0,44407300.0,145961.0,9493300.0,5163100.0,73798700.0,817300.0,5266090000.0,0.0,157800000.0,22157000.0,0.0,0.0
2026-02-25,65.41999816894531,97.69999694824219,62.98263168334961,5226.2001953125,95.11038208007812,60.270545959472656,687.7780151367188,27.079999923706055,6946.1298828125,62.43000030517578,58583.12109375,6173.31982421875,4.047999858856201,17.93000030517578,66.5999984741211,98.0,63.10201011275021,5237.2998046875,95.18855143496802,60.33015228279077,688.3038760705598,27.139999389648438,6952.509765625,65.2699966430664,58875.171875,6176.8701171875,4.058000087738037,19.6200008392334,65.12000274658203,97.62000274658203,62.71402737096936,5135.89990234375,95.04198575820946,59.80364302368176,684.7516046120257,27.049999237060547,6915.14990234375,62.43000030517578,57656.5,6133.009765625,4.034999847412109,17.860000610351562,66.06999969482422,97.8499984741211,63.09205969656658,5160.0,95.04198575820946,60.250680974614525,684.8310015582731,27.139999389648438,6915.14990234375,65.2699966430664,57695.3984375,6133.009765625,4.056000232696533,19.59000015258789,306780.0,0.0,42201200.0,110992.0,8762700.0,2896700.0,56369500.0,1029100.0,5328060000.0,0.0,167100000.0,20315900.0,0.0,0.0
2026-02-26,65.20999908447266,97.79000091552734,62.38573455810547,5194.2001953125,95.36444854736328,58.840030670166016,683.957763671875,27.100000381469727,6908.85986328125,63.93000030517578,58753.390625,6161.56005859375,4.017000198364258,18.6299991607666,66.70999908447266,97.9800033569336,62.98263432004066,5221.89990234375,95.36444854736328,59.05858340819896,687.926762805978,27.170000076293945,6947.25,63.93000030517578,59332.4296875,6199.77978515625,4.047999858856201,20.540000915527344,63.599998474121094,97.48999786376953,61.75899493128572,5144.7998046875,95.18857118968077,58.42279775891919,679.0461151309984,27.059999465942383,6859.72998046875,62.43000030517578,58577.83984375,6133.740234375,4.013999938964844,17.5,65.6500015258789,97.58999633789062,62.9527868652121,5175.2998046875,95.18857118968077,58.929438263944824,687.9069589925494,27.09000015258789,6944.740234375,62.43000030517578,58995.390625,6176.509765625,4.041999816894531,18.06999969482422,498542.0,0.0,52083200.0,131633.0,8177300.0,3088200.0,71671000.0,1354900.0,5889550000.0,0.0,155300000.0,21763600.0,0.0,0.0
2026-02-27,67.0199966430664,97.61000061035156,62.25640869140625,5247.89990234375,95.7455062866211,58.67115020751953,680.6734619140625,27.079999923706055,6878.8798828125,73.37999725341797,58850.26953125,6138.41015625,3.9619998931884766,19.860000610351562,67.83000183105469,97.8499984741211,65.61892841380418,5299.0,95.8041370369937,58.92943669958988,681.5367144347911,27.1200008392334,6882.9599609375,73.37999725341797,58924.171875,6180.2998046875,3.99399995803833,21.739999771118164,64.8499984741211,97.55999755859375,61.79878440805663,5182.89990234375,95.58917501312284,58.56187384140393,676.35719931042,27.049999237060547,6831.740234375,63.93000030517578,58130.5703125,6113.330078125,3.9560000896453857,18.770000457763672,65.3499984741211,97.75,61.878372559933766,5201.89990234375,95.63802527468567,58.740689024214674,677.795973699009,27.100000381469727,6856.5400390625,63.93000030517578,58606.03125,6165.2998046875,3.9790000915527344,19.280000686645508,437053.0,0.0,34830100.0,151664.0,9970300.0,3239500.0,83308900.0,1037400.0,6665660000.0,0.0,192400000.0,36227000.0,0.0,0.0
2026-03-02,71.2300033569336,98.37999725341797,61.18199157714844,5311.60009765625,95.1702880859375,58.1247673034668,681.0604858398438,27.329999923706055,6881.6201171875,73.20999908447266,58057.23828125,5986.93017578125,4.047999858856201,21.440000534057617,75.33000183105469,98.75,61.530180255127156,5434.10009765625,95.43486446131008,58.34332003166166,683.2831159083878,27.399999618530273,6901.009765625,73.37999725341797,58365.2109375,6086.7900390625,4.066999912261963,25.239999771118164,69.19999694824219,97.7699966430664,60.475663804693326,5272.89990234375,95.0036952075734,57.47904919042569,672.765291276125,27.280000686645508,6796.85009765625,73.20999908447266,57285.76953125,5972.27001953125,3.996000051498413,20.3700008392334,75.0,97.87000274658203,60.475663804693326,5360.0,95.42506312111642,57.48898168280672,673.4400139353526,27.31999969482422,6824.35986328125,73.37999725341797,57976.19921875,6086.7900390625,3.997999906539917,24.65999984741211,881329.0,0.0,46879900.0,227839.0,17709600.0,5836600.0,87477200.0,3348800.0,6079080000.0,0.0,162400000.0,35628200.0,0.0,0.0
2026-03-03,74.55999755859375,99.05000305175781,58.117916107177734,5123.7001953125,95.0625,56.52537155151367,675.057373046875,27.459999084472656,6816.6298828125,77.75,56279.05078125,5771.72998046875,4.056000232696533,23.56999969482422,77.9800033569336,99.68000030517578,58.60538405195846,5394.2001953125,95.199688863884,56.773725549912974,677.3196712649806,27.649999618530273,6840.0498046875,77.75,57890.76171875,5937.330078125,4.117000102996826,28.149999618530273,70.41000366210938,98.44000244140625,56.446606655718604,5005.0,94.69992515903091,55.40281041766607,664.4700232973693,27.450000762939453,6710.419921875,73.20999908447266,56091.5390625,5736.7998046875,4.039999961853027,22.18000030517578,71.2300033569336,98.55999755859375,57.67024603346781,5335.7001953125,94.72932170468715,56.11807114572206,669.8281968363514,27.540000915527344,6800.259765625,73.20999908447266,57729.80078125,5937.330078125,4.093999862670898,24.56999969482422,1009753.0,0.0,99942900.0,273216.0,13708500.0,12731300.0,105003100.0,3237200.0,6442080000.0,0.0,179000000.0,48096700.0,0.0,0.0
2026-03-04,74.66000366210938,98.7699966430664,58.744659423828125,5134.7001953125,94.86650848388672,56.75385665893555,679.8201293945312,27.40999984741211,6869.5,70.02999877929688,54245.5390625,5870.919921875,4.079999923706055,21.149999618530273,77.2300033569336,99.33000183105469,59.271921443814584,5218.2998046875,95.0428952301804,56.86313302434021,681.7649608594664,27.459999084472656,6885.93994140625,77.75,55701.26953125,5888.2099609375,4.0879998207092285,24.8700008392334,73.27999877929688,98.69999694824219,57.9388502565376,5092.7998046875,94.84691327929062,56.28694993023609,674.3528231531807,27.389999389648438,6811.64013671875,70.02999877929688,53618.19921875,5772.25,4.063000202178955,20.399999618530273,74.73999786376953,99.11000061035156,58.24724485835122,5110.0,95.02330002558432,56.62471151894992,676.3472549970834,27.420000076293945,6831.68994140625,77.75,55470.87890625,5780.25,4.077000141143799,24.389999389648438,617822.0,0.0,74073300.0,146885.0,12535500.0,4000300.0,79182200.0,2493200.0,5252170000.0,0.0,214000000.0,32429500.0,0.0,0.0
2026-03-05,81.01000213623047,99.31999969482422,57.33200454711914,5078.7001953125,94.57254028320312,55.81011199951172,676.02978515625,27.479999542236328,6830.7099609375,74.52999877929688,55278.05859375,5782.89013671875,4.145999908447266,23.75,82.16000366210938,99.41000366210938,58.27709299152566,5204.2998046875,94.64113471706534,56.197543638845744,680.2171112774074,27.59000015258789,6870.43017578125,74.52999877929688,56619.98046875,5914.10986328125,4.1479997634887695,25.84000015258789,74.97000122070312,98.66999816894531,56.59582931185254,5058.89990234375,94.45494662105395,55.462417910258445,670.3739485451397,27.479999542236328,6770.77978515625,70.02999877929688,54910.328125,5768.22998046875,4.123000144958496,20.549999237060547,76.1500015258789,98.7699966430664,57.71998730551386,5155.7001953125,94.51373971401225,55.81011199951172,676.7938369684096,27.489999771118164,6851.080078125,70.02999877929688,55204.16015625,5867.39013671875,4.132999897003174,22.110000610351562,707030.0,0.0,81396900.0,151852.0,12599700.0,10528100.0,106606500.0,4089300.0,5989300000.0,0.0,184900000.0,27902800.0,0.0,0.0
2026-03-06,90.9000015258789,98.98999786376953,57.02360534667969,5158.7001953125,94.51374816894531,56.3465576171875,667.1689453125,27.469999313354492,6740.02001953125,81.26000213623047,55620.83984375,5719.89990234375,4.132999897003174,29.489999771118164,92.61000061035156,99.44000244140625,57.40164147813271,5185.0,94.79792727071992,56.57504284602447,670.8700177972564,27.59000015258789,6773.419921875,81.26000213623047,55686.55859375,5827.8798828125,4.186999797821045,29.93000030517578,78.23999786376953,98.83999633789062,56.267536878745595,5071.0,94.23937040895142,55.83991332706873,664.5692556037578,27.440000534057617,6711.56005859375,74.52999877929688,54513.4296875,5651.35009765625,4.105000019073486,22.920000076293945,79.08000183105469,99.01000213623047,56.53614119885917,5099.7001953125,94.28836964162171,56.02866479536376,668.1909311447467,27.56999969482422,6769.02978515625,74.52999877929688,54674.6015625,5805.52001953125,4.164999961853027,23.200000762939453,996251.0,0.0,55731800.0,160268.0,12758200.0,5015200.0,100687000.0,3315900.0,5793120000.0,0.0,142800000.0,32523200.0,0.0,0.0
2026-03-09,94.7699966430664,99.18000030517578,58.147762298583984,5103.7001953125,94.80772399902344,57.29029846191406,673.0133666992188,27.459999084472656,6795.990234375,79.73999786376953,52728.71875,5685.2001953125,4.136000156402588,25.5,119.4800033569336,99.69999694824219,58.34672887978397,5210.39990234375,94.85672322930937,57.39957482740955,674.6505427155427,27.59000015258789,6810.43994140625,81.26000213623047,54608.62890625,5693.14013671875,4.177000045776367,35.29999923706055,81.19000244140625,98.72000122070312,55.94919087400524,5021.2001953125,94.31776160109567,56.10813479522372,657.2564332632285,27.40999984741211,6636.0400390625,79.73999786376953,51407.66015625,5543.419921875,4.117000102996826,24.760000228881836,98.0,98.86000061035156,56.367017279050515,5186.7001953125,94.4255539267384,56.36642507540965,661.2254329083217,27.510000228881836,6699.7998046875,81.26000213623047,54608.62890625,5652.77978515625,4.172999858856201,35.119998931884766,1107193.0,0.0,65072500.0,181749.0,12134400.0,6791500.0,102667700.0,4290500.0,6709410000.0,0.0,219400000.0,31537400.0,0.0,0.0
2026-03-10,83.44999694824219,98.83000183105469,58.37657165527344,5242.10009765625,94.50394439697266,58.31352233886719,671.9317626953125,27.450000762939453,6781.47998046875,76.33000183105469,54248.390625,5837.169921875,4.136000156402588,24.93000030517578,91.4800033569336,98.94999694824219,59.570367329434994,5248.7001953125,94.82731387950624,59.00891432517642,678.0638596518006,27.479999542236328,6845.080078125,79.73999786376953,54694.890625,5862.06982421875,4.1539998054504395,26.010000228881836,76.7300033569336,98.48999786376953,58.03832961084386,5127.10009765625,94.47454785094529,57.77707676746451,669.5305349566006,27.34000015258789,6759.740234375,76.33000183105469,53487.19140625,5705.47021484375,4.104000091552734,22.190000534057617,85.75,98.80000305175781,58.35667461795736,5152.39990234375,94.75871944669821,57.90622191382029,672.4675558251363,27.360000610351562,6796.56005859375,79.73999786376953,53524.08984375,5705.47021484375,4.131999969482422,24.389999389648438,801564.0,0.0,56415100.0,179577.0,10571300.0,5579400.0,81505300.0,3283500.0,5944950000.0,0.0,162500000.0,29321000.0,0.0,0.0
2026-03-11,87.25,99.2300033569336,58.52579879760742,5179.10009765625,94.0727767944336,57.926090240478516,671.08837890625,27.549999237060547,6775.7998046875,78.58999633789062,55025.37109375,5794.68017578125,4.208000183105469,24.229999542236328,88.98999786376953,99.30000305175781,58.85409043296054,5230.89990234375,94.37655107710452,58.0949691470661,674.8093159596237,27.56999969482422,6811.14990234375,78.58999633789062,55745.37890625,5824.47998046875,4.22599983215332,26.229999542236328,81.79000091552734,98.69999694824219,58.08807155717404,5155.89990234375,94.05318158881043,57.62806239895454,668.1215614523004,27.469999313354492,6745.58984375,76.33000183105469,54882.578125,5753.60009765625,4.164999961853027,23.75,86.88999938964844,98.94000244140625,58.39646994975465,5194.0,94.32755932493032,57.96582400171114,672.3286912573745,27.520000457763672,6790.08984375,76.33000183105469,54917.9296875,5810.81982421875,4.177000045776367,24.899999618530273,538020.0,0.0,35658200.0,140336.0,12197600.0,5535200.0,68441700.0,3203200.0,5511090000.0,0.0,146900000.0,22245600.0,0.0,0.0
2026-03-12,95.7300033569336,99.73999786376953,56.655517578125,5125.7998046875,93.76900482177734,57.300235748291016,660.89794921875,27.68000030517578,6672.6201171875,95.30000305175781,54452.9609375,5748.89013671875,4.2729997634887695,27.290000915527344,97.19000244140625,99.76000213623047,57.72993102466347,5197.7998046875,94.0531839058259,57.73733742835267,666.4446526664856,27.709999084472656,6740.8798828125,95.30000305175781,54733.078125,5783.60009765625,4.2729997634887695,27.329999923706055,88.61000061035156,99.25,56.56598280799915,5058.2001953125,93.67100636254953,57.141289338306656,660.7094193200438,27.6200008392334,6670.39990234375,78.58999633789062,53796.01171875,5690.97998046875,4.216000080108643,24.600000381469727,89.31999969482422,99.44999694824219,57.69014074514117,5185.39990234375,93.92578889932285,57.56845852568612,665.9583993556241,27.6299991607666,6740.8798828125,78.58999633789062,54387.8984375,5781.009765625,4.22599983215332,25.479999542236328,548999.0,0.0,53035000.0,153533.0,11401400.0,3950900.0,108882200.0,2316100.0,6292170000.0,0.0,154100000.0,24541100.0,0.0,0.0
2026-03-13,98.70999908447266,100.36000061035156,56.50629425048828,5061.7001953125,93.6709976196289,57.399574279785156,657.1571655273438,27.889999389648438,6632.18994140625,91.16999816894531,53819.609375,5716.60986328125,4.284999847412109,27.190000534057617,99.31999969482422,100.54000091552734,57.71003659605898,5132.39990234375,94.0041759021937,58.055228676921494,667.1293254881115,27.90999984741211,6733.2998046875,95.30000305175781,54065.30859375,5796.22998046875,4.289999961853027,28.469999313354492,92.04000091552734,99.58999633789062,56.367018778435074,5014.10009765625,93.631807211075,57.29029791533223,656.2343803863124,27.75,6623.919921875,91.16999816894531,53286.69140625,5669.43994140625,4.236000061035156,24.670000076293945,96.73999786376953,99.69000244140625,57.32205383963305,5084.0,93.91597879236721,57.7572046399652,664.0831110227487,27.770000457763672,6673.490234375,95.30000305175781,53587.30078125,5727.31982421875,4.263000011444092,27.850000381469727,436700.0,0.0,47897100.0,160333.0,11839700.0,4262500.0,97200200.0,4225700.0,5337120000.0,0.0,169000000.0,22343000.0,0.0,0.0
2026-03-16,93.5,99.70999908447266,58.078125,5002.2001953125,94.09237670898438,58.31352233886719,663.844970703125,27.729999542236328,6699.3798828125,85.25,53751.1484375,5739.009765625,4.21999979019165,23.510000228881836,102.44000244140625,100.4800033569336,58.336778901019585,5044.5,94.13157459842499,58.462532471202515,666.8613885560293,27.780000686645508,6729.7900390625,91.16999816894531,53983.51171875,5771.06005859375,4.244999885559082,26.420000076293945,92.93000030517578,99.66000366210938,57.690142250984664,4970.10009765625,93.94539396887328,58.15457592396063,661.9497395049242,27.68000030517578,6674.3701171875,85.25,53113.94921875,5674.27001953125,4.2179999351501465,23.229999542236328,100.93000030517578,100.43000030517578,57.749829569312,5010.0,94.05318629577673,58.20424596807241,663.1999840519829,27.739999771118164,6674.3701171875,91.16999816894531,53627.859375,5716.1298828125,4.236000061035156,25.8799991607666,455454.0,0.0,36204900.0,170909.0,9092100.0,5554900.0,82023100.0,7286100.0,5176290000.0,0.0,128800000.0,17948800.0,0.0,0.0
2026-03-17,96.20999908447266,99.58000183105469,58.44620895385742,5008.2001953125,94.25895690917969,58.05522918701172,665.5912475585938,27.68000030517578,6716.08984375,79.2300033569336,53700.390625,5769.25,4.202000141143799,22.3700008392334,98.41999816894531,100.12000274658203,58.754607337505924,5049.39990234375,94.34714654136505,58.402927057833395,669.2129836950214,27.709999084472656,6754.2998046875,85.25,54388.4296875,5801.7099609375,4.216000080108643,24.579999923706055,93.83000183105469,99.5,58.227345339979664,4977.0,94.20015634482417,57.985690370763635,664.5097291491037,27.639999389648438,6710.7998046875,79.2300033569336,53482.58984375,5720.27001953125,4.189000129699707,21.8700008392334,94.41000366210938,99.86000061035156,58.57553779796445,5012.2001953125,94.23935422898386,58.32345195950344,667.1788836379297,27.670000076293945,6722.35009765625,85.25,54286.26171875,5734.7001953125,4.216000080108643,24.559999465942383,308425.0,0.0,24929100.0,119419.0,7209700.0,4365900.0,87128000.0,3599400.0,5063390000.0,0.0,117800000.0,20886200.0,0.0,0.0
2026-03-18,96.31999969482422,100.08999633789062,57.262367248535156,4896.2001953125,93.82779693603516,56.85319900512695,656.3037719726562,27.850000381469727,6624.7001953125,81.25,55239.3984375,5736.85009765625,4.258999824523926,25.09000015258789,100.55000305175781,100.30999755859375,58.32683413559252,5022.0,94.19037179318475,57.717469891101516,664.5295009374192,27.850000381469727,6705.18017578125,81.25,55239.3984375,5832.41015625,4.258999824523926,25.1299991607666,91.95999908447266,99.47000122070312,57.24247021013561,4809.2998046875,93.80820173013399,56.83333022975518,656.0656417127632,27.700000762939453,6621.66015625,79.2300033569336,54148.83984375,5713.7001953125,4.195000171661377,21.469999313354492,96.0,99.55000305175781,58.07812684805628,5010.60009765625,94.1217773581816,57.568459760185306,663.1800557566115,27.739999771118164,6697.16015625,79.2300033569336,54148.83984375,5795.3701171875,4.197000026702881,21.510000228881836,157222.0,0.0,37207400.0,217316.0,13048700.0,2640200.0,82062600.0,4278500.0,5275480000.0,0.0,136700000.0,28507700.0,0.0,0.0
2026-03-19,96.13999938964844,99.2300033569336,57.322052001953125,4605.7001953125,93.8179931640625,56.43596649169922,654.6864624023438,27.579999923706055,6606.490234375,84.87999725341797,53372.53125,5613.830078125,4.281000137329102,24.059999465942383,101.4800033569336,100.30999755859375,57.570759278352575,4868.7001953125,93.95518203051411,56.71412176971589,657.8418097710767,27.809999465942383,6636.740234375,84.87999725341797,54333.01953125,5694.14990234375,4.326000213623047,27.520000457763672,92.80000305175781,98.9800033569336,55.96908381114462,4505.0,93.56321811278522,55.62136564358059,650.0923405870744,27.5,6557.81982421875,81.25,53190.1796875,5577.14990234375,4.256999969482422,23.540000915527344,99.12999725341797,100.2300033569336,56.148153353749976,4828.0,93.5730119773657,55.82998210209309,651.8783782687178,27.790000915527344,6583.1201171875,81.25,54287.80078125,5694.14990234375,4.308000087738037,25.600000381469727,118719.0,0.0,50957600.0,303828.0,18464600.0,8388500.0,111272500.0,5031400.0,5973390000.0,0.0,200600000.0,38735400.0,0.0,0.0
2026-03-20,98.31999969482422,99.6500015258789,55.352291107177734,4574.89990234375,92.97525787353516,54.84649658203125,645.301025390625,27.68000030517578,6506.47998046875,108.83999633789062,,5501.27978515625,4.390999794006348,26.780000686645508,99.66999816894531,99.79000091552734,56.71520592612212,4738.2001953125,93.42602236276889,55.67103368300765,653.380093364961,27.75,6594.66015625,108.83999633789062,,5687.18994140625,4.394000053405762,29.280000686645508,93.41999816894531,99.25,55.15332452606124,4478.39990234375,92.94586132714225,54.73722021543618,641.4703940766159,27.65999984741211,6473.52001953125,84.87999725341797,,5500.830078125,4.296000003814697,23.68000030517578,95.0,99.29000091552734,56.65551860826749,4653.89990234375,93.396625816376,55.63129613341284,653.2010079047443,27.65999984741211,6594.66015625,84.87999725341797,,5639.18994140625,4.303999900817871,24.459999084472656,461845.0,0.0,78534200.0,226870.0,20761500.0,3866300.0,163617500.0,4216900.0,10025820000.0,0.0,,66593000.0,0.0,0.0
2026-03-23,88.12999725341797,98.94999694824219,57.01365661621094,4407.2998046875,93.26922607421875,55.223995208740234,652.07666015625,27.559999465942383,6581.0,98.1500015258789,51515.48828125,5574.31982421875,4.334000110626221,26.149999618530273,101.66999816894531,100.1500015258789,57.54091482046437,4537.10009765625,93.51420723038383,55.81011079626021,659.2801583045331,27.639999389648438,6651.6201171875,108.83999633789062,52479.80859375,5683.919921875,4.395999908447266,31.040000915527344,84.37000274658203,98.87999725341797,56.26753479737451,4100.0,92.98504703591946,54.945839943334576,650.6439158314106,27.479999542236328,6565.5498046875,98.1500015258789,50688.76171875,5376.81005859375,4.311999797821045,20.280000686645508,100.51000213623047,99.68000030517578,56.59582642427719,4450.0,93.09283934273063,55.1345876177768,654.7531040433624,27.600000381469727,6574.9599609375,108.83999633789062,52468.71875,5472.22998046875,4.375999927520752,30.040000915527344,666790.0,0.0,61193400.0,398666.0,28336300.0,5937800.0,134802700.0,4152900.0,6020650000.0,0.0,177100000.0,42449400.0,0.0,0.0
2026-03-24,92.3499984741211,99.43000030517578,56.22774124145508,4402.0,92.9556655883789,55.27366638183594,649.8877563476562,27.649999618530273,6556.3701171875,103.01000213623047,52252.28125,5581.2900390625,4.392000198364258,26.950000762939453,93.36000061035156,99.62000274658203,56.62567060485455,4485.60009765625,93.17125023700986,55.462417849722854,653.7183875512989,27.709999084472656,6595.75,103.01000213623047,52701.98828125,5607.64013671875,4.426000118255615,27.940000534057617,86.33999633789062,99.05999755859375,55.7402733121988,4306.2998046875,92.72048573361458,54.89616723564345,646.604401549905,27.579999923706055,6525.10986328125,98.1500015258789,51645.1484375,5510.5498046875,4.360000133514404,25.639999389648438,88.77999877929688,99.13999938964844,55.83975849927756,4414.7998046875,92.88707115256294,55.02531237847429,648.0371459178807,27.65999984741211,6552.08984375,98.1500015258789,52380.6015625,5585.31982421875,4.375999927520752,25.90999984741211,420067.0,0.0,37191900.0,209745.0,19785600.0,3765500.0,96457500.0,3131800.0,5278580000.0,0.0,131800000.0,24505000.0,0.0,0.0
2026-03-25,90.31999969482422,99.5999984741211,57.123085021972656,4552.2998046875,93.44561767578125,56.27701950073242,653.5093994140625,27.700000762939453,6591.89990234375,97.58999633789062,53749.62109375,5649.330078125,4.328000068664551,25.329999923706055,91.7300033569336,99.66999816894531,57.47127748347763,4601.0,93.48481555995832,56.44589840648945,657.5588924447279,27.719999313354492,6633.93994140625,103.01000213623047,54022.87890625,5683.330078125,4.349999904632568,26.670000076293945,86.45999908447266,99.06999969482422,56.73510228070092,4458.2001953125,93.23003305092338,55.98892794311954,650.9423865337293,27.6299991607666,6568.41015625,97.58999633789062,53015.80078125,5606.77978515625,4.314000129699707,24.81999969482422,88.48999786376953,99.19999694824219,57.123085021972656,4473.5,93.37702324752938,56.147874356012615,655.3500504609481,27.6299991607666,6598.35009765625,103.01000213623047,53015.80078125,5608.31005859375,4.334000110626221,25.790000915527344,405170.0,0.0,36444000.0,245178.0,15939200.0,3527300.0,90653800.0,3161100.0,4936720000.0,0.0,133700000.0,22547500.0,0.0,0.0
2026-03-26,94.4800033569336,99.9000015258789,55.18317413330078,4376.2998046875,92.69108581542969,54.67761993408203,641.8385620117188,27.809999465942383,6477.16015625,115.0199966430664,53603.6484375,5565.93017578125,4.415999889373779,27.440000534057617,95.44000244140625,100.01000213623047,56.34712241654788,4541.60009765625,93.22024611926095,55.33327437109297,651.5493174066021,27.81999969482422,6573.22021484375,115.0199966430664,54175.80078125,5620.0400390625,4.421999931335449,28.489999771118164,89.51000213623047,99.55999755859375,55.15332667823688,4348.2001953125,92.69108581542969,54.6378823828495,641.5699034672713,27.719999313354492,6473.7900390625,97.58999633789062,53176.76953125,5557.22021484375,4.354000091552734,26.1200008392334,91.37999725341797,99.62999725341797,55.969086277172124,4508.89990234375,93.10265992478719,54.9160376623143,648.773401781548,27.760000228881836,6555.85986328125,97.58999633789062,53855.12890625,5620.0400390625,4.377999782562256,26.489999771118164,350768.0,0.0,42794900.0,247440.0,12897300.0,4258700.0,96494400.0,2410200.0,4845560000.0,0.0,124500000.0,21479800.0,0.0,0.0
2026-03-27,99.63999938964844,100.1500015258789,54.91456985473633,4492.5,92.70087432861328,54.45906448364258,630.8939819335938,27.84000015258789,6368.85009765625,111.94999694824219,53373.0703125,5505.7998046875,4.440000057220459,31.049999237060547,101.23999786376953,100.20999908447266,55.45177850668362,4552.10009765625,92.8772610721477,54.89616615671904,639.4207325687934,27.8799991607666,6453.89013671875,115.0199966430664,53714.8984375,5573.97021484375,4.484000205993652,31.649999618530273,92.08000183105469,99.80000305175781,54.715603265684884,4369.10009765625,92.46569449597807,54.39945815975799,629.9188801961861,27.780000686645508,6356.080078125,111.94999694824219,52516.921875,5478.990234375,4.409999847412109,27.540000915527344,93.30999755859375,99.87000274658203,55.06379195029588,4371.7998046875,92.47549583623889,54.866364889567386,639.2615657472361,27.829999923706055,6453.89013671875,115.0199966430664,53239.58984375,5570.47021484375,4.461999893188477,27.540000915527344,374920.0,0.0,38596100.0,74348.0,11401900.0,2993400.0,103649400.0,2421300.0,5303490000.0,0.0,170500000.0,24173800.0,0.0,0.0
2026-03-30,102.87999725341797,100.51000213623047,54.466896057128906,4526.0,93.35742950439453,54.58821105957031,628.78466796875,27.979999542236328,6343.72021484375,108.33000183105469,51885.8515625,5541.7900390625,4.3420000076293945,30.610000610351562,105.36000061035156,100.61000061035156,55.25281199778762,4579.10009765625,93.47502316818291,54.965710208271446,637.1423539459004,28.0,6427.31005859375,111.94999694824219,52054.6796875,5556.8701171875,4.380000114440918,31.520000457763672,99.43000030517578,100.05000305175781,54.15849765390317,4413.39990234375,93.22024063475774,54.41932836557979,626.108284608157,27.90999984741211,6316.91015625,108.33000183105469,50566.98828125,5484.10986328125,4.323999881744385,29.329999923706055,102.5999984741211,100.22000122070312,55.21301792092519,4482.7998046875,93.28883506957614,54.856433839733114,636.8836547011163,27.90999984741211,6403.3701171875,111.94999694824219,52054.6796875,5493.2001953125,4.374000072479248,30.790000915527344,374075.0,0.0,32281500.0,10816.0,15430000.0,2785700.0,99275900.0,2470800.0,5458640000.0,0.0,183100000.0,24001800.0,0.0,0.0
2026-03-31,101.37999725341797,99.95999908447266,56.49634552001953,4647.60009765625,93.52401733398438,55.81011199951172,647.0620727539062,27.780000686645508,6528.52001953125,96.05000305175781,51063.71875,5569.72998046875,4.310999870300293,25.25,106.86000061035156,100.63999938964844,56.56598325344672,4684.10009765625,93.7591971725964,55.87965081736237,648.255975728372,27.889999389648438,6539.0498046875,108.33000183105469,52169.01171875,5601.7001953125,4.331999778747559,29.639999389648438,99.62000274658203,99.80999755859375,54.59622209013814,4508.60009765625,93.4358202218597,54.55840569903724,634.7643255692599,27.770000457763672,6395.8798828125,96.05000305175781,50558.91015625,5519.06005859375,4.2870001792907715,25.079999923706055,105.06999969482422,100.58999633789062,54.65590940737753,4510.0,93.62200831038669,54.63788079919876,635.719508676349,27.850000381469727,6395.8798828125,108.33000183105469,51382.53125,5535.56982421875,4.307000160217285,29.530000686645508,495395.0,0.0,64809400.0,176389.0,18649700.0,5779400.0,152534100.0,3450000.0,6396100000.0,0.0,174500000.0,27897900.0,0.0,0.0
2026-04-01,100.12000274658203,99.6500015258789,56.9340705871582,4813.10009765625,93.44241333007812,55.63129806518555,651.9373779296875,27.729999542236328,6575.31982421875,90.19000244140625,53739.6796875,5732.7099609375,4.318999767303467,24.540000915527344,103.30999755859375,99.87999725341797,57.530970341435335,4821.0,93.68821092169729,56.128006083624705,655.2008748639518,27.739999771118164,6609.669921875,96.05000305175781,53739.6796875,5735.41015625,4.334000110626221,25.350000381469727,96.5,99.30000305175781,56.725157380898594,4690.0,93.42274532210615,55.53195797733029,649.7086779392242,27.6299991607666,6554.2900390625,90.19000244140625,51902.83984375,5621.97998046875,4.293000221252441,23.5,101.72000122070312,99.79000091552734,56.91417354918511,4698.39990234375,93.48174184487486,55.73063815304081,650.6041659517412,27.670000076293945,6556.56005859375,96.05000305175781,51959.46875,5621.97998046875,4.293000221252441,24.299999237060547,434561.0,0.0,51176300.0,166758.0,13557600.0,9765100.0,97841500.0,4154600.0,5637260000.0,0.0,165900000.0,31663700.0,0.0,0.0
2026-04-02,111.54000091552734,100.02999877929688,56.29737854003906,4679.7001953125,93.6587142944336,55.47235107421875,652.5244140625,27.860000610351562,6582.68994140625,84.41000366210938,52463.26953125,5692.85986328125,4.313000202178955,23.8700008392334,113.97000122070312,100.26000213623047,56.735101974888714,4825.89990234375,93.78652633877434,55.69090381272613,654.8824636102106,27.889999389648438,6601.91015625,90.19000244140625,54258.48046875,5712.89013671875,4.361999988555908,27.889999389648438,97.5,99.44999694824219,55.14337694364287,4580.39990234375,93.41291670836884,54.83656542355882,641.858414876014,27.780000686645508,6474.93994140625,84.41000366210938,52273.0703125,5589.2099609375,4.289000034332275,23.8700008392334,98.91999816894531,99.54000091552734,55.2826524095054,4783.0,93.43257721474933,54.916036735100604,643.161809607987,27.850000381469727,6512.60986328125,90.19000244140625,54066.828125,5672.1298828125,4.354000091552734,26.780000686645508,0.0,0.0,33449800.0,0.0,13171300.0,2053200.0,68358700.0,3579400.0,4740740000.0,0.0,163200000.0,23134400.0,0.0,0.0
2026-04-03,,,,,,,,,,,53123.48828125,,,,,,,,,,,,,,53426.30859375,,,,,,,,,,,,,,52925.1015625,,,,,,,,,,,,,,53039.3984375,,,,,,,,,,,,,,104100000.0,,,
2026-04-06,112.41000366210938,99.9800033569336,56.814693450927734,4684.7001953125,93.41291046142578,55.46241760253906,655.6088256835938,27.829999923706055,6611.830078125,81.68000030517578,53413.6796875,,4.335000038146973,24.170000076293945,115.4800033569336,100.29000091552734,57.123088059119134,4733.10009765625,93.58005100849708,55.750505365072804,656.3948220300638,27.8700008392334,6618.1298828125,81.77999877929688,54039.33984375,,4.366000175476074,25.299999237060547,108.88999938964844,99.76000213623047,56.446607727454754,4626.2001953125,93.31459293380422,55.16438976816825,652.2160396308291,27.770000457763672,6579.72021484375,81.68000030517578,53205.9296875,,4.316999912261963,23.780000686645508,112.95999908447266,100.18000030517578,56.655520938482226,4675.0,93.40307645831966,55.16438976816825,652.5542919409455,27.809999465942383,6587.66015625,81.77999877929688,53205.9296875,,4.360000133514404,24.93000030517578,271742.0,0.0,19981700.0,89405.0,6104900.0,1807600.0,39105800.0,3497200.0,3906440000.0,0.0,102500000.0,,0.0,0.0
2026-04-07,112.94999694824219,99.63999938964844,57.01365661621094,4684.7001953125,93.64888763427734,55.243865966796875,655.8972778320312,27.75,6616.85009765625,83.1500015258789,53429.55859375,5633.22021484375,4.3429999351501465,25.780000686645508,117.62999725341797,100.16000366210938,57.03355365344319,4745.7001953125,93.68821615126934,55.32333727851696,656.285326673986,27.84000015258789,6618.259765625,83.1500015258789,53916.3515625,5750.97021484375,4.380000114440918,28.0,109.19999694824219,99.5999984741211,56.03872456166129,4631.89990234375,93.16712642813363,54.657750358233336,647.7784337275787,27.729999542236328,6534.5498046875,81.68000030517578,53156.94140625,5609.990234375,4.324999809265137,24.34000015258789,112.62000274658203,100.01000213623047,56.874377355585146,4678.60009765625,93.47191305838713,55.144522090170014,653.3402849463747,27.829999923706055,6601.93017578125,81.68000030517578,53571.28125,5705.22998046875,4.34499979019165,25.09000015258789,429331.0,0.0,28112800.0,145711.0,6737500.0,4716400.0,69980400.0,3871900.0,4555680000.0,0.0,118800000.0,24072900.0,0.0,0.0
2026-04-08,94.41000366210938,99.12999725341797,60.127471923828125,4777.2001953125,93.85535430908203,56.92273712158203,672.6027221679688,27.530000686645508,6782.81005859375,78.73999786376953,56308.421875,5913.3701171875,4.290999889373779,21.040000915527344,109.19000244140625,99.18000030517578,60.67463098742833,4888.0,94.12081991666456,57.34990631284949,673.6673363432215,27.610000610351562,6793.5,83.1500015258789,56424.62890625,5939.080078125,4.296999931335449,22.170000076293945,91.05000305175781,98.52999877929688,59.59026707179557,4720.60009765625,93.76687077398614,56.753858217378394,668.0756676404139,27.450000762939453,6740.27978515625,78.73999786376953,54380.01953125,5648.81982421875,4.234000205993652,19.90999984741211,108.73999786376953,98.94999694824219,60.54530213648901,4747.2001953125,94.11098591238253,57.230697451671546,672.980811715349,27.450000762939453,6754.35986328125,83.1500015258789,54386.6484375,5648.81982421875,4.248000144958496,20.969999313354492,599576.0,0.0,50444800.0,215119.0,12107400.0,2685400.0,93606100.0,5403000.0,5904880000.0,0.0,186700000.0,42159900.0,0.0,0.0
2026-04-09,97.87000274658203,98.81999969482422,59.968299865722656,4818.0,93.82585144042969,56.83332824707031,676.4829711914062,27.479999542236328,6824.66015625,74.01000213623047,55895.3203125,5896.2900390625,4.293000221252441,19.489999771118164,102.69999694824219,99.16000366210938,60.207060531184325,4826.0,94.04215450848369,56.853197021748954,677.7266707213284,27.559999465942383,6835.31005859375,78.73999786376953,56406.48828125,5909.990234375,4.321000099182129,21.6299991607666,95.25,98.62999725341797,59.182387722474566,4718.60009765625,93.62921637918791,56.18761012313039,670.3739652533407,27.440000534057617,6761.5498046875,74.01000213623047,55763.05078125,5851.0,4.260000228881836,19.450000762939453,96.77999877929688,99.05999755859375,59.4509882530324,4744.7998046875,93.76686242228651,56.545236698602004,671.438579338256,27.510000228881836,6783.68994140625,78.73999786376953,56199.859375,5909.990234375,4.296999931335449,21.25,427201.0,0.0,35719500.0,133629.0,11065900.0,1928700.0,57134400.0,3167600.0,4912410000.0,0.0,154700000.0,23509900.0,0.0,0.0
2026-04-10,96.56999969482422,98.6500015258789,60.24685287475586,4787.39990234375,93.66854095458984,56.80352783203125,676.0353393554688,27.440000534057617,6816.89013671875,72.1500015258789,56924.109375,5926.10986328125,4.316999912261963,19.229999542236328,100.41999816894531,99.01000213623047,60.57514451097791,4820.0,93.85534952068029,57.18102697742617,678.5923930707559,27.489999771118164,6845.77001953125,74.01000213623047,57012.76953125,5958.91015625,4.322999954223633,20.280000686645508,95.51000213623047,98.54000091552734,60.05783291316955,4752.7001953125,93.6587144519566,56.724052732124385,675.0304203424645,27.420000076293945,6808.4599609375,72.1500015258789,56251.1796875,5894.52978515625,4.2769999504089355,18.829999923706055,98.2300033569336,98.87000274658203,60.396074965776094,4790.5,93.82585501048645,57.06181432756588,677.885949822129,27.420000076293945,6839.240234375,74.01000213623047,56265.76953125,5902.3701171875,4.284999847412109,19.709999084472656,314855.0,0.0,20508400.0,121566.0,4404800.0,1560900.0,42253500.0,4865800.0,4393220000.0,0.0,165000000.0,22811300.0,0.0,0.0
2026-04-13,99.08000183105469,98.37000274658203,60.754215240478516,4767.39990234375,93.8750228881836,56.972408294677734,682.641845703125,27.3799991607666,6886.240234375,74.41999816894531,56502.76953125,5905.02001953125,4.296999931335449,19.1200008392334,105.62999725341797,99.18000030517578,60.81390635503334,4774.39990234375,93.88484939137791,57.00221335274944,682.8408497944083,27.540000915527344,6887.0,74.41999816894531,56765.71875,5908.85986328125,4.35099983215332,21.579999923706055,97.02999877929688,98.36000061035156,59.68974836490219,4626.0,93.570228762768,56.28695259233155,673.1698703787699,27.3799991607666,6790.02001953125,72.1500015258789,56232.78125,5846.75,4.296999931335449,18.959999084472656,102.0,99.05000305175781,59.76933651764195,4710.0,93.66854630274344,56.30682136785221,673.9956432299357,27.540000915527344,6806.47021484375,72.1500015258789,56421.4609375,5895.58984375,4.348999977111816,21.170000076293945,344337.0,0.0,24457400.0,127322.0,4300200.0,2228900.0,54185800.0,3728900.0,4785840000.0,0.0,135300000.0,19926700.0,0.0,0.0
2026-04-14,91.27999877929688,98.12000274658203,61.91816711425781,4850.10009765625,94.1798095703125,57.637996673583984,690.959716796875,27.31999969482422,6967.3798828125,74.3499984741211,57877.390625,5984.509765625,4.25600004196167,18.360000610351562,98.0,98.41000366210938,61.93806035740884,4870.2998046875,94.18964357466032,57.737336757577104,691.0791070995066,27.329999923706055,6969.419921875,74.41999816894531,57979.8203125,5986.1201171875,4.304999828338623,18.760000228881836,91.05999755859375,97.97000122070312,61.25162961953891,4767.60009765625,93.80619991771728,57.1512211670226,684.193942434314,27.270000457763672,6905.169921875,74.3499984741211,57010.1796875,5910.85986328125,4.251999855041504,17.889999389648438,97.98999786376953,98.37000274658203,61.28147327923743,4769.2998046875,93.83569442961328,57.17108994173748,684.2238203737314,27.299999237060547,6910.2001953125,74.41999816894531,57085.6484375,5910.85986328125,4.296999931335449,18.729999542236328,315821.0,0.0,23734200.0,129586.0,5239800.0,3899100.0,63480500.0,4075700.0,5032380000.0,0.0,143700000.0,24080200.0,0.0,0.0
2026-04-15,91.29000091552734,98.05999755859375,61.87837219238281,4823.60009765625,93.97333526611328,57.64793014526367,696.412109375,27.290000915527344,7022.9501953125,67.94000244140625,58134.23828125,5940.33984375,4.2820000648498535,18.170000076293945,93.30000305175781,98.29000091552734,61.997750624517465,4895.39990234375,94.09131330714418,57.687667695368354,696.7504224001667,27.34000015258789,7026.240234375,74.3499984741211,58585.94921875,5981.85009765625,4.293000221252441,18.5,86.95999908447266,98.01000213623047,61.54013013885802,4807.89990234375,93.89467823799464,57.230697237908586,690.7010502942645,27.280000686645508,6967.1298828125,67.94000244140625,58028.75,5937.7900390625,4.263999938964844,17.399999618530273,92.0199966430664,98.06999969482422,61.71919968454596,4862.7001953125,94.08148680448964,57.33003732358893,691.7557051691649,27.309999465942383,6978.169921875,74.3499984741211,58265.1796875,5981.85009765625,4.271999835968018,18.18000030517578,240397.0,0.0,26278700.0,106707.0,5592900.0,1579200.0,58240400.0,1926300.0,5278610000.0,0.0,161000000.0,18486200.0,0.0,0.0
2026-04-16,94.69000244140625,98.22000122070312,62.127079010009766,4808.2998046875,93.80619812011719,58.303585052490234,698.1234130859375,27.3700008392334,7041.27978515625,65.88999938964844,59518.33984375,5933.27978515625,4.309000015258789,17.940000534057617,95.44000244140625,98.29000091552734,62.40562994790513,4861.2998046875,94.0913167304132,58.64134665204915,699.2378238459212,27.3799991607666,7051.22998046875,67.94000244140625,59688.1015625,5972.490234375,4.316999912261963,19.09000015258789,90.5199966430664,97.83000183105469,61.73909626223496,4792.10009765625,93.77669610763904,58.09496859706363,695.0092450197437,27.329999923706055,7008.52001953125,65.88999938964844,58428.19140625,5928.2998046875,4.265999794006348,17.760000228881836,91.47000122070312,98.01000213623047,62.10718197230697,4813.60009765625,94.0618222190824,58.392992646184695,697.5264615426626,27.34000015258789,7037.77978515625,67.94000244140625,58479.828125,5937.35986328125,4.276000022888184,18.040000915527344,194354.0,0.0,32327600.0,108864.0,6618900.0,2984800.0,49972400.0,1324700.0,5173650000.0,0.0,150300000.0,21602000.0,0.0,0.0
2026-04-17,83.8499984741211,98.0999984741211,63.3109245300293,4879.60009765625,94.31745147705078,58.899635314941406,706.5607299804688,27.360000610351562,7126.06005859375,65.69999694824219,58475.8984375,6057.7099609375,4.245999813079834,17.479999542236328,94.04000091552734,98.29000091552734,63.887927240672866,4917.7001953125,94.43543702059145,59.32680449640678,708.7993894133457,27.360000610351562,7147.52001953125,65.88999938964844,59381.25,6073.5498046875,4.296999931335449,18.239999771118164,80.55999755859375,97.62999725341797,63.04232021248542,4785.89990234375,94.22896044410848,58.70095135781637,702.2028014262665,27.200000762939453,7074.5498046875,65.69999694824219,58475.8984375,5919.06982421875,4.22599983215332,16.8700008392334,93.18000030517578,98.19000244140625,63.20149271973676,4811.7998046875,94.27812296253721,58.899635314941406,702.5808909886877,27.239999771118164,7074.5498046875,65.88999938964844,59255.08984375,5919.06982421875,4.296999931335449,18.18000030517578,116624.0,0.0,46228600.0,135440.0,6912900.0,2253900.0,70661900.0,1974600.0,6145300000.0,0.0,140000000.0,35407300.0,0.0,0.0
2026-04-20,89.61000061035156,98.05000305175781,62.85330581665039,4828.7998046875,94.22896575927734,58.909568786621094,705.1477661132812,27.31999969482422,7109.14013671875,67.9000015258789,58824.890625,5982.6298828125,4.25,18.8700008392334,91.19999694824219,98.4000015258789,62.93289017503202,4847.89990234375,94.30762279274127,59.0188451543352,706.3317705126415,27.3799991607666,7122.64990234375,67.9000015258789,59169.12890625,6002.18017578125,4.27400016784668,19.989999771118164,87.0199966430664,98.01000213623047,62.45537263982617,4752.0,94.10115370575916,58.59167596576986,702.5808139687996,27.299999237060547,7084.41015625,65.69999694824219,58687.9609375,5964.759765625,4.24399995803833,18.770000457763672,89.0,98.27999877929688,62.78366807995196,4811.7998046875,94.29779628941895,58.770491151196346,705.20752199003,27.350000381469727,7117.0498046875,65.69999694824219,58821.16015625,5990.1201171875,4.26200008392334,19.579999923706055,115578.0,0.0,20045600.0,123214.0,3868800.0,1304000.0,43546800.0,1209500.0,4661130000.0,0.0,121500000.0,20519600.0,0.0,0.0
2026-04-21,92.12999725341797,98.41000366210938,61.9281120300293,4719.60009765625,93.81603240966797,57.777076721191406,700.53125,27.469999313354492,7064.009765625,70.77999877929688,59349.171875,5930.25,4.291999816894531,19.5,94.44999694824219,98.56999969482422,63.04231956942324,4854.7998046875,94.14048706353057,58.63141512172296,707.6949720613851,27.469999313354492,7137.27001953125,70.77999877929688,59611.91015625,6014.4501953125,4.309000015258789,20.850000381469727,87.76000213623047,98.05999755859375,61.82863063712644,4685.7998046875,93.80620590584034,57.67773663304742,699.098505587723,27.34000015258789,7050.2001953125,67.9000015258789,59004.76171875,5924.5400390625,4.26200008392334,18.75,87.88999938964844,98.05999755859375,62.95278479782191,4842.39990234375,94.081498035973,58.581745077650965,706.7000123508461,27.350000381469727,7122.64013671875,67.9000015258789,59031.51171875,5988.10009765625,4.271999835968018,19.18000030517578,383596.0,0.0,25552600.0,177092.0,4872900.0,2052700.0,58941400.0,1641300.0,5160270000.0,0.0,129500000.0,36071200.0,0.0,0.0
2026-04-22,92.95999908447266,98.58999633789062,63.052268981933594,4753.0,93.91434478759766,57.91615295410156,707.6253051757812,27.479999542236328,7137.89990234375,69.87999725341797,59585.859375,5906.22021484375,4.294000148773193,18.920000076293945,93.7300033569336,98.63999938964844,63.09205926147817,4790.7998046875,94.10115336611332,58.12476940788718,707.8640857857167,27.489999771118164,7138.64013671875,70.77999877929688,59708.2109375,5960.6298828125,4.303999900817871,19.540000915527344,87.63999938964844,98.20999908447266,62.56480105653733,4733.10009765625,93.89468427987643,57.796944093307125,704.6503246823615,27.399999618530273,7102.91015625,69.87999725341797,59005.48046875,5899.75,4.263999938964844,18.68000030517578,90.0,98.4000015258789,62.66428624282831,4738.7001953125,94.0716588539577,58.01549682941474,705.5756906371417,27.440000534057617,7102.91015625,70.77999877929688,59104.109375,5944.47021484375,4.265999794006348,19.030000686645508,299675.0,0.0,19635300.0,100063.0,4121400.0,1703400.0,42518500.0,768400.0,4919460000.0,0.0,145700000.0,17853200.0,0.0,0.0
2026-04-23,95.8499984741211,98.80000305175781,62.02759552001953,4724.0,93.76686096191406,56.89293670654297,704.8792114257812,27.530000686645508,7108.39990234375,67.69999694824219,59140.23046875,5894.72998046875,4.322999954223633,19.309999465942383,98.38999938964844,98.94000244140625,62.74387371704676,4771.2998046875,94.02248503731781,57.34990717255983,708.7694771316526,27.579999923706055,7147.77978515625,69.87999725341797,60013.98046875,5908.52001953125,4.35099983215332,21.559999465942383,92.30000305175781,98.52999877929688,61.380958854345074,4680.10009765625,93.58988640909405,56.46576750887198,698.7403270820959,27.469999313354492,7046.5498046875,67.69999694824219,58621.48046875,5844.740234375,4.285999774932861,18.700000762939453,92.9000015258789,98.62000274658203,62.42552869502844,4759.2001953125,93.95366201684038,57.260499577940756,705.9239069650033,27.530000686645508,7118.7998046875,69.87999725341797,59758.640625,5887.97998046875,4.306000232696533,19.420000076293945,365210.0,0.0,33271500.0,153536.0,6795600.0,2484600.0,56174000.0,830200.0,5307260000.0,0.0,165300000.0,19112300.0,0.0,0.0
2026-04-24,94.4000015258789,98.51000213623047,63.41040802001953,4740.89990234375,93.95367431640625,57.42938232421875,710.341552734375,27.479999542236328,7165.080078125,66.97000122070312,59716.1796875,5883.47998046875,4.309999942779541,18.709999084472656,97.8499984741211,98.91999816894531,63.48999237402701,4757.10009765625,93.98316882887963,57.47905236803224,710.8688498134599,27.530000686645508,7168.58984375,67.69999694824219,59763.6796875,5922.41015625,4.353000164031982,19.350000381469727,92.68000030517578,98.48999786376953,62.77371421310062,4672.2001953125,93.60955916897073,56.982344350734465,705.4364085481575,27.450000762939453,7112.81982421875,66.97000122070312,59225.37109375,5842.35009765625,4.300000190734863,18.459999084472656,96.62000274658203,98.81999969482422,62.95278375333221,4715.60009765625,93.68821620299818,57.161159540128175,707.1676287635845,27.5,7136.47998046875,67.69999694824219,59407.44140625,5874.91015625,4.311999797821045,18.889999389648438,330280.0,0.0,26360600.0,103218.0,5490000.0,2775200.0,45182000.0,1463800.0,4608830000.0,0.0,141400000.0,19697200.0,0.0,0.0
